symbol,action,date,price,shares,pnl_pct,reason,entry_date,entry_price
300411,BUY,20240318,9.7,1300,0.0,REBALANCE,20240318,9.7
600818,BUY,20240318,19.18,600,0.0,REBALANCE,20240318,19.18
301183,BUY,20240318,60.9,200,0.0,REBALANCE,20240318,60.9
300290,BUY,20240318,8.29,1600,0.0,REBALANCE,20240318,8.29
300067,BUY,20240318,4.3,3000,0.0,REBALANCE,20240318,4.3
000628,BUY,20240318,83.0,100,0.0,REBALANCE,20240318,83.0
301202,BUY,20240318,44.66,200,0.0,REBALANCE,20240318,44.66
603580,BUY,20240318,24.51,500,0.0,REBALANCE,20240318,24.51
603499,BUY,20240318,17.42,700,0.0,REBALANCE,20240318,17.42
002611,BUY,20240318,7.8,1700,0.0,REBALANCE,20240318,7.8
300781,BUY,20240318,56.0,200,0.0,REBALANCE,20240318,56.0
002902,BUY,20240318,33.3,300,0.0,REBALANCE,20240318,33.3
603516,BUY,20240318,29.5,400,0.0,REBALANCE,20240318,29.5
300530,BUY,20240318,25.38,500,0.0,REBALANCE,20240318,25.38
002085,BUY,20240318,12.29,1000,0.0,REBALANCE,20240318,12.29
603499,SELL,20240318,17.65,700,1.3203214695751828,TRAILING_STOP,20240318,17.42
300781,SELL,20240318,62.46,200,11.535714285714286,TRAILING_STOP,20240318,56.0
300530,SELL,20240318,25.53,500,0.5910165484633654,TRAILING_STOP,20240318,25.38
300411,SELL,20240319,11.04,1300,13.814432989690722,TRAILING_STOP,20240318,9.7
300290,SELL,20240319,9.63,1600,16.164053075995195,TRAILING_STOP,20240318,8.29
300067,SELL,20240319,4.42,3000,2.7906976744186074,TRAILING_STOP,20240318,4.3
000628,SELL,20240319,89.0,100,7.228915662650602,TRAILING_STOP,20240318,83.0
301202,SELL,20240319,43.4,200,-2.8213166144200583,TRAILING_STOP,20240318,44.66
600818,SELL,20240320,22.49,600,17.257559958289878,TRAILING_STOP,20240318,19.18
002611,SELL,20240321,8.74,1700,12.051282051282056,TRAILING_STOP,20240318,7.8
002902,SELL,20240321,34.17,300,2.6126126126126263,TRAILING_STOP,20240318,33.3
603580,SELL,20240322,30.01,500,22.439820481436147,TRAILING_STOP,20240318,24.51
603516,SELL,20240322,29.29,400,-0.7118644067796639,REBALANCE,20240318,29.5
301183,SELL,20240322,57.64,200,-5.353037766830867,REBALANCE,20240318,60.9
600083,BUY,20240325,11.89,1100,0.0,REBALANCE,20240325,11.89
300411,BUY,20240325,13.05,1000,0.0,REBALANCE,20240325,13.05
603879,BUY,20240325,8.55,1600,0.0,REBALANCE,20240325,8.55
300975,BUY,20240325,13.0,1000,0.0,REBALANCE,20240325,13.0
600818,BUY,20240325,21.19,600,0.0,REBALANCE,20240325,21.19
300290,BUY,20240325,10.18,1300,0.0,REBALANCE,20240325,10.18
603327,BUY,20240325,19.82,700,0.0,REBALANCE,20240325,19.82
300133,BUY,20240325,10.3,1300,0.0,REBALANCE,20240325,10.3
688668,BUY,20240325,71.7,100,0.0,REBALANCE,20240325,71.7
603533,BUY,20240325,35.74,300,0.0,REBALANCE,20240325,35.74
603580,BUY,20240325,30.99,400,0.0,REBALANCE,20240325,30.99
300913,BUY,20240325,46.94,300,0.0,REBALANCE,20240325,46.94
002611,BUY,20240325,8.2,1700,0.0,REBALANCE,20240325,8.2
600580,BUY,20240325,17.53,800,0.0,REBALANCE,20240325,17.53
002085,SELL,20240325,14.43,1000,17.412530512611884,TRAILING_STOP,20240318,12.29
300411,SELL,20240325,13.63,1000,4.444444444444445,TRAILING_STOP,20240325,13.05
603879,SELL,20240325,8.49,1600,-0.701754385964918,TRAILING_STOP,20240325,8.55
300975,SELL,20240325,13.5,1000,3.8461538461538463,TRAILING_STOP,20240325,13.0
300290,SELL,20240325,9.86,1300,-3.1434184675834995,TRAILING_STOP,20240325,10.18
688668,SELL,20240325,64.66,100,-9.818688981868906,STOP_LOSS,20240325,71.7
603533,SELL,20240325,30.55,300,-14.521544487968665,STOP_LOSS,20240325,35.74
300913,SELL,20240325,42.82,300,-8.777162334895607,STOP_LOSS,20240325,46.94
300133,SELL,20240326,9.24,1300,-10.291262135922334,STOP_LOSS,20240325,10.3
603580,SELL,20240326,29.71,400,-4.130364633752816,TRAILING_STOP,20240325,30.99
600083,SELL,20240327,10.09,1100,-15.13877207737595,STOP_LOSS,20240325,11.89
002611,SELL,20240327,7.24,1700,-11.70731707317072,STOP_LOSS,20240325,8.2
600580,SELL,20240327,15.85,800,-9.583571021106682,STOP_LOSS,20240325,17.53
600818,SELL,20240329,21.99,600,3.7753657385559087,MARKET_EXIT,20240325,21.19
603327,SELL,20240329,21.0,700,5.9535822401614515,MARKET_EXIT,20240325,19.82
688631,BUY,20240429,83.9,100,0.0,REBALANCE,20240429,83.9
300107,BUY,20240429,9.97,1300,0.0,REBALANCE,20240429,9.97
001696,BUY,20240429,12.94,1000,0.0,REBALANCE,20240429,12.94
000737,BUY,20240429,10.63,1200,0.0,REBALANCE,20240429,10.63
300905,BUY,20240429,28.23,400,0.0,REBALANCE,20240429,28.23
300690,BUY,20240429,27.34,400,0.0,REBALANCE,20240429,27.34
301091,BUY,20240429,44.07,300,0.0,REBALANCE,20240429,44.07
000099,BUY,20240429,22.47,600,0.0,REBALANCE,20240429,22.47
300719,BUY,20240429,20.9,600,0.0,REBALANCE,20240429,20.9
603017,BUY,20240429,13.01,1000,0.0,REBALANCE,20240429,13.01
300711,BUY,20240429,20.05,600,0.0,REBALANCE,20240429,20.05
300641,BUY,20240429,14.8,900,0.0,REBALANCE,20240429,14.8
300284,BUY,20240429,9.35,1400,0.0,REBALANCE,20240429,9.35
600490,BUY,20240429,4.02,3300,0.0,REBALANCE,20240429,4.02
000612,BUY,20240429,7.78,1700,0.0,REBALANCE,20240429,7.78
688631,SELL,20240430,77.46,100,-7.675804529201444,TRAILING_STOP,20240429,83.9
300107,SELL,20240430,10.89,1300,9.22768304914744,TRAILING_STOP,20240429,9.97
001696,SELL,20240430,11.73,1000,-9.350850077279746,STOP_LOSS,20240429,12.94
300905,SELL,20240430,29.67,400,5.100956429330504,TRAILING_STOP,20240429,28.23
300690,SELL,20240430,25.59,400,-6.4008778346744695,TRAILING_STOP,20240429,27.34
301091,SELL,20240430,38.7,300,-12.185159972770586,STOP_LOSS,20240429,44.07
000099,SELL,20240430,22.28,600,-0.8455718736092468,TRAILING_STOP,20240429,22.47
300719,SELL,20240430,18.82,600,-9.95215311004784,STOP_LOSS,20240429,20.9
603017,SELL,20240430,12.77,1000,-1.8447348193697173,TRAILING_STOP,20240429,13.01
300711,SELL,20240430,18.96,600,-5.436408977556108,TRAILING_STOP,20240429,20.05
300284,SELL,20240430,8.5,1400,-9.090909090909086,STOP_LOSS,20240429,9.35
600490,SELL,20240507,3.58,3300,-10.945273631840784,STOP_LOSS,20240429,4.02
000612,SELL,20240510,7.95,1700,2.1850899742930583,TRAILING_STOP,20240429,7.78
000737,SELL,20240510,10.52,1200,-1.034807149576681,REBALANCE,20240429,10.63
000913,BUY,20240513,21.12,600,0.0,REBALANCE,20240513,21.12
300284,BUY,20240513,8.61,1500,0.0,REBALANCE,20240513,8.61
300243,BUY,20240513,13.08,900,0.0,REBALANCE,20240513,13.08
603739,BUY,20240513,19.67,600,0.0,REBALANCE,20240513,19.67
002455,BUY,20240513,12.99,1000,0.0,REBALANCE,20240513,12.99
301301,BUY,20240513,17.05,700,0.0,REBALANCE,20240513,17.05
301156,BUY,20240513,18.0,700,0.0,REBALANCE,20240513,18.0
603823,BUY,20240513,11.93,1000,0.0,REBALANCE,20240513,11.93
600866,BUY,20240513,8.02,1600,0.0,REBALANCE,20240513,8.02
300758,BUY,20240513,14.86,800,0.0,REBALANCE,20240513,14.86
000099,BUY,20240513,20.54,600,0.0,REBALANCE,20240513,20.54
300563,BUY,20240513,21.42,600,0.0,REBALANCE,20240513,21.42
300719,BUY,20240513,20.16,600,0.0,REBALANCE,20240513,20.16
603486,BUY,20240513,56.8,200,0.0,REBALANCE,20240513,56.8
300905,BUY,20240513,39.0,200,0.0,REBALANCE,20240513,39.0
603739,SELL,20240513,19.4,600,-1.3726487036095736,TRAILING_STOP,20240513,19.67
301156,SELL,20240513,17.5,700,-2.7777777777777777,TRAILING_STOP,20240513,18.0
603823,SELL,20240513,12.31,1000,3.185247275775363,TRAILING_STOP,20240513,11.93
300563,SELL,20240513,23.23,600,8.450046685340796,TRAILING_STOP,20240513,21.42
300641,SELL,20240514,23.0,900,55.405405405405396,TRAILING_STOP,20240429,14.8
002455,SELL,20240514,11.16,1000,-14.087759815242496,STOP_LOSS,20240513,12.99
603486,SELL,20240514,59.1,200,4.049295774647895,TRAILING_STOP,20240513,56.8
000913,SELL,20240515,21.61,600,2.32007575757575,TRAILING_STOP,20240513,21.12
300243,SELL,20240515,13.24,900,1.2232415902140683,TRAILING_STOP,20240513,13.08
300719,SELL,20240515,22.29,600,10.565476190476184,TRAILING_STOP,20240513,20.16
301301,SELL,20240516,15.5,700,-9.090909090909095,STOP_LOSS,20240513,17.05
600866,SELL,20240517,7.17,1600,-10.598503740648376,STOP_LOSS,20240513,8.02
300758,SELL,20240517,13.18,800,-11.30551816958277,STOP_LOSS,20240513,14.86
300905,SELL,20240517,36.4,200,-6.6666666666666705,TRAILING_STOP,20240513,39.0
300284,SELL,20240517,9.08,1500,5.458768873403027,MARKET_EXIT,20240513,8.61
000099,SELL,20240517,21.33,600,3.8461538461538423,MARKET_EXIT,20240513,20.54
300046,BUY,20240617,19.1,700,0.0,REBALANCE,20240617,19.1
301036,BUY,20240617,33.28,400,0.0,REBALANCE,20240617,33.28
300162,BUY,20240617,8.17,1600,0.0,REBALANCE,20240617,8.17
600171,BUY,20240617,18.48,700,0.0,REBALANCE,20240617,18.48
688183,BUY,20240617,21.0,600,0.0,REBALANCE,20240617,21.0
300290,BUY,20240617,11.18,1100,0.0,REBALANCE,20240617,11.18
300956,BUY,20240617,25.73,500,0.0,REBALANCE,20240617,25.73
301176,BUY,20240617,27.59,400,0.0,REBALANCE,20240617,27.59
301361,BUY,20240617,29.5,400,0.0,REBALANCE,20240617,29.5
002869,BUY,20240617,27.85,400,0.0,REBALANCE,20240617,27.85
300215,BUY,20240617,6.4,2000,0.0,REBALANCE,20240617,6.4
300552,BUY,20240617,40.2,300,0.0,REBALANCE,20240617,40.2
605258,BUY,20240617,34.21,300,0.0,REBALANCE,20240617,34.21
301550,BUY,20240617,52.81,200,0.0,REBALANCE,20240617,52.81
300637,BUY,20240617,10.95,1200,0.0,REBALANCE,20240617,10.95
688183,SELL,20240617,20.98,600,-0.0952380952380932,TRAILING_STOP,20240617,21.0
300046,SELL,20240618,19.98,700,4.607329842931931,TRAILING_STOP,20240617,19.1
300956,SELL,20240618,27.18,500,5.635445005829768,TRAILING_STOP,20240617,25.73
300637,SELL,20240618,11.2,1200,2.2831050228310503,TRAILING_STOP,20240617,10.95
301036,SELL,20240619,33.0,400,-0.8413461538461573,TRAILING_STOP,20240617,33.28
600171,SELL,20240619,19.68,700,6.49350649350649,TRAILING_STOP,20240617,18.48
301176,SELL,20240619,31.0,400,12.359550561797754,TRAILING_STOP,20240617,27.59
301361,SELL,20240619,29.77,400,0.9152542372881342,TRAILING_STOP,20240617,29.5
300552,SELL,20240619,44.16,300,9.8507462686567,TRAILING_STOP,20240617,40.2
300162,SELL,20240620,7.26,1600,-11.138310893512854,STOP_LOSS,20240617,8.17
300290,SELL,20240620,10.47,1100,-6.35062611806797,TRAILING_STOP,20240617,11.18
300215,SELL,20240620,5.68,2000,-11.25000000000001,STOP_LOSS,20240617,6.4
605258,SELL,20240620,37.22,300,8.798596901490786,TRAILING_STOP,20240617,34.21
301550,SELL,20240620,48.07,200,-8.975572808180273,STOP_LOSS,20240617,52.81
002869,SELL,20240621,37.74,400,35.511669658886895,MARKET_EXIT,20240617,27.85
300386,BUY,20240708,9.25,1400,0.0,REBALANCE,20240708,9.25
300401,BUY,20240708,15.1,900,0.0,REBALANCE,20240708,15.1
002384,BUY,20240708,21.0,600,0.0,REBALANCE,20240708,21.0
300546,BUY,20240708,12.88,1000,0.0,REBALANCE,20240708,12.88
603171,BUY,20240708,28.7,400,0.0,REBALANCE,20240708,28.7
600992,BUY,20240708,16.63,800,0.0,REBALANCE,20240708,16.63
300245,BUY,20240708,7.0,1900,0.0,REBALANCE,20240708,7.0
002938,BUY,20240708,38.17,300,0.0,REBALANCE,20240708,38.17
300579,BUY,20240708,23.7,500,0.0,REBALANCE,20240708,23.7
300120,BUY,20240708,6.97,1900,0.0,REBALANCE,20240708,6.97
688653,BUY,20240708,14.75,900,0.0,REBALANCE,20240708,14.75
002823,BUY,20240708,13.35,1000,0.0,REBALANCE,20240708,13.35
301182,BUY,20240708,19.78,600,0.0,REBALANCE,20240708,19.78
002600,BUY,20240708,6.68,2000,0.0,REBALANCE,20240708,6.68
600733,BUY,20240708,9.09,1500,0.0,REBALANCE,20240708,9.09
300546,SELL,20240710,12.82,1000,-0.465838509316774,TRAILING_STOP,20240708,12.88
603171,SELL,20240710,29.88,400,4.11149825783972,TRAILING_STOP,20240708,28.7
300120,SELL,20240710,6.93,1900,-0.5738880918220952,TRAILING_STOP,20240708,6.97
301182,SELL,20240710,21.93,600,10.869565217391298,TRAILING_STOP,20240708,19.78
300245,SELL,20240711,7.08,1900,1.142857142857144,TRAILING_STOP,20240708,7.0
002938,SELL,20240711,40.89,300,7.126015195179456,TRAILING_STOP,20240708,38.17
002823,SELL,20240711,16.93,1000,26.816479400749067,TRAILING_STOP,20240708,13.35
600733,SELL,20240711,9.41,1500,3.5203520352035236,TRAILING_STOP,20240708,9.09
300386,SELL,20240712,9.45,1400,2.1621621621621547,TRAILING_STOP,20240708,9.25
688653,SELL,20240712,13.17,900,-10.711864406779661,STOP_LOSS,20240708,14.75
002600,SELL,20240712,7.23,2000,8.233532934131746,TRAILING_STOP,20240708,6.68
300401,SELL,20240712,14.45,900,-4.304635761589407,REBALANCE,20240708,15.1
600992,SELL,20240712,15.84,800,-4.750450992182797,REBALANCE,20240708,16.63
300579,SELL,20240712,21.94,500,-7.426160337552734,REBALANCE,20240708,23.7
300546,BUY,20240715,13.38,1000,0.0,REBALANCE,20240715,13.38
603171,BUY,20240715,31.24,400,0.0,REBALANCE,20240715,31.24
600733,BUY,20240715,10.17,1300,0.0,REBALANCE,20240715,10.17
688183,BUY,20240715,27.39,500,0.0,REBALANCE,20240715,27.39
300807,BUY,20240715,38.99,300,0.0,REBALANCE,20240715,38.99
300120,BUY,20240715,7.2,1900,0.0,REBALANCE,20240715,7.2
301182,BUY,20240715,22.82,600,0.0,REBALANCE,20240715,22.82
300563,BUY,20240715,37.04,300,0.0,REBALANCE,20240715,37.04
601777,BUY,20240715,4.14,3400,0.0,REBALANCE,20240715,4.14
002600,BUY,20240715,7.24,1900,0.0,REBALANCE,20240715,7.24
300458,BUY,20240715,25.9,500,0.0,REBALANCE,20240715,25.9
002823,BUY,20240715,15.78,800,0.0,REBALANCE,20240715,15.78
600611,BUY,20240715,4.3,3200,0.0,REBALANCE,20240715,4.3
600601,BUY,20240715,3.42,4100,0.0,REBALANCE,20240715,3.42
300546,SELL,20240715,14.79,1000,10.538116591928238,TRAILING_STOP,20240715,13.38
300807,SELL,20240715,40.71,300,4.411387535265449,TRAILING_STOP,20240715,38.99
300120,SELL,20240715,7.77,1900,7.916666666666658,TRAILING_STOP,20240715,7.2
300458,SELL,20240715,26.06,500,0.6177606177606184,TRAILING_STOP,20240715,25.9
301182,SELL,20240716,22.77,600,-0.21910604732690936,TRAILING_STOP,20240715,22.82
002384,SELL,20240717,26.4,600,25.714285714285705,TRAILING_STOP,20240708,21.0
603171,SELL,20240717,27.51,400,-11.939820742637634,STOP_LOSS,20240715,31.24
300563,SELL,20240717,35.08,300,-5.291576673866094,TRAILING_STOP,20240715,37.04
002600,SELL,20240717,7.16,1900,-1.1049723756906087,TRAILING_STOP,20240715,7.24
002823,SELL,20240717,14.4,800,-8.745247148288968,STOP_LOSS,20240715,15.78
600611,SELL,20240717,4.88,3200,13.488372093023257,TRAILING_STOP,20240715,4.3
600733,SELL,20240719,9.21,1300,-9.439528023598811,STOP_LOSS,20240715,10.17
601777,SELL,20240719,4.3,3400,3.864734299516912,TRAILING_STOP,20240715,4.14
600601,SELL,20240719,3.09,4100,-9.649122807017546,STOP_LOSS,20240715,3.42
688183,SELL,20240719,25.2,500,-7.995618838992337,MARKET_EXIT,20240715,27.39
301079,BUY,20240729,19.98,700,0.0,REBALANCE,20240729,19.98
300923,BUY,20240729,28.0,400,0.0,REBALANCE,20240729,28.0
300240,BUY,20240729,7.7,1800,0.0,REBALANCE,20240729,7.7
300713,BUY,20240729,16.2,800,0.0,REBALANCE,20240729,16.2
300807,BUY,20240729,33.35,400,0.0,REBALANCE,20240729,33.35
600834,BUY,20240729,8.62,1600,0.0,REBALANCE,20240729,8.62
001379,BUY,20240729,22.37,600,0.0,REBALANCE,20240729,22.37
300960,BUY,20240729,22.0,600,0.0,REBALANCE,20240729,22.0
600650,BUY,20240729,13.0,1000,0.0,REBALANCE,20240729,13.0
301016,BUY,20240729,24.18,500,0.0,REBALANCE,20240729,24.18
300563,BUY,20240729,38.16,300,0.0,REBALANCE,20240729,38.16
301226,BUY,20240729,24.82,500,0.0,REBALANCE,20240729,24.82
600611,BUY,20240729,8.96,1500,0.0,REBALANCE,20240729,8.96
600686,BUY,20240729,14.8,900,0.0,REBALANCE,20240729,14.8
002232,BUY,20240729,21.43,600,0.0,REBALANCE,20240729,21.43
301079,SELL,20240729,22.9,700,14.614614614614604,TRAILING_STOP,20240729,19.98
300240,SELL,20240729,7.76,1800,0.7792207792207742,TRAILING_STOP,20240729,7.7
301016,SELL,20240729,23.97,500,-0.8684863523573236,TRAILING_STOP,20240729,24.18
300923,SELL,20240730,24.16,400,-13.714285714285715,STOP_LOSS,20240729,28.0
600834,SELL,20240730,9.7,1600,12.529002320185617,TRAILING_STOP,20240729,8.62
300563,SELL,20240730,40.8,300,6.918238993710695,TRAILING_STOP,20240729,38.16
300807,SELL,20240731,34.78,400,4.287856071964017,TRAILING_STOP,20240729,33.35
600650,SELL,20240731,14.6,1000,12.307692307692305,TRAILING_STOP,20240729,13.0
600611,SELL,20240731,9.93,1500,10.825892857142843,TRAILING_STOP,20240729,8.96
600686,SELL,20240731,15.71,900,6.148648648648649,TRAILING_STOP,20240729,14.8
002232,SELL,20240801,23.88,600,11.432571161922535,TRAILING_STOP,20240729,21.43
301226,SELL,20240802,21.64,500,-12.81224818694601,STOP_LOSS,20240729,24.82
300960,SELL,20240802,20.25,600,-7.954545454545454,REBALANCE,20240729,22.0
300713,SELL,20240802,15.22,800,-6.049382716049374,REBALANCE,20240729,16.2
301079,BUY,20240805,16.76,800,0.0,REBALANCE,20240805,16.76
600171,BUY,20240805,23.36,600,0.0,REBALANCE,20240805,23.36
001696,BUY,20240805,15.38,900,0.0,REBALANCE,20240805,15.38
002685,BUY,20240805,3.36,4300,0.0,REBALANCE,20240805,3.36
300061,BUY,20240805,6.4,2300,0.0,REBALANCE,20240805,6.4
600561,BUY,20240805,5.55,2600,0.0,REBALANCE,20240805,5.55
600650,BUY,20240805,13.01,1100,0.0,REBALANCE,20240805,13.01
000868,BUY,20240805,5.42,2700,0.0,REBALANCE,20240805,5.42
600386,BUY,20240805,5.4,2700,0.0,REBALANCE,20240805,5.4
300563,BUY,20240805,37.08,300,0.0,REBALANCE,20240805,37.08
600611,BUY,20240805,9.79,1500,0.0,REBALANCE,20240805,9.79
600501,BUY,20240805,24.7,500,0.0,REBALANCE,20240805,24.7
600686,BUY,20240805,17.58,800,0.0,REBALANCE,20240805,17.58
002232,BUY,20240805,23.65,600,0.0,REBALANCE,20240805,23.65
002685,SELL,20240805,3.58,4300,6.547619047619054,TRAILING_STOP,20240805,3.36
300061,SELL,20240805,5.75,2300,-10.156250000000005,STOP_LOSS,20240805,6.4
600386,SELL,20240805,4.71,2700,-12.777777777777786,STOP_LOSS,20240805,5.4
300563,SELL,20240805,33.93,300,-8.495145631067958,STOP_LOSS,20240805,37.08
600501,SELL,20240805,22.5,500,-8.906882591093115,STOP_LOSS,20240805,24.7
600686,SELL,20240805,18.1,800,2.957906712172942,TRAILING_STOP,20240805,17.58
001379,SELL,20240806,32.44,600,45.0156459544032,TRAILING_STOP,20240729,22.37
600171,SELL,20240806,22.61,600,-3.2106164383561646,TRAILING_STOP,20240805,23.36
001696,SELL,20240806,13.76,900,-10.533159947984402,STOP_LOSS,20240805,15.38
600561,SELL,20240806,5.75,2600,3.603603603603607,TRAILING_STOP,20240805,5.55
600650,SELL,20240806,13.05,1100,0.307455803228293,TRAILING_STOP,20240805,13.01
600611,SELL,20240806,10.1,1500,3.1664964249233964,TRAILING_STOP,20240805,9.79
002232,SELL,20240806,20.38,600,-13.826638477801268,STOP_LOSS,20240805,23.65
000868,SELL,20240808,4.76,2700,-12.177121771217715,STOP_LOSS,20240805,5.42
301079,SELL,20240809,16.01,800,-4.4749403341288785,TRAILING_STOP,20240805,16.76
300333,BUY,20240902,6.24,2200,0.0,REBALANCE,20240902,6.24
300584,BUY,20240902,23.24,600,0.0,REBALANCE,20240902,23.24
300125,BUY,20240902,4.6,3000,0.0,REBALANCE,20240902,4.6
300622,BUY,20240902,26.39,500,0.0,REBALANCE,20240902,26.39
300337,BUY,20240902,10.19,1300,0.0,REBALANCE,20240902,10.19
300709,BUY,20240902,38.31,300,0.0,REBALANCE,20240902,38.31
002488,BUY,20240902,6.99,2000,0.0,REBALANCE,20240902,6.99
000062,BUY,20240902,28.0,500,0.0,REBALANCE,20240902,28.0
300184,BUY,20240902,8.16,1700,0.0,REBALANCE,20240902,8.16
300686,BUY,20240902,11.08,1200,0.0,REBALANCE,20240902,11.08
300050,BUY,20240902,4.84,2900,0.0,REBALANCE,20240902,4.84
300328,BUY,20240902,6.67,2100,0.0,REBALANCE,20240902,6.67
300460,BUY,20240902,11.55,1200,0.0,REBALANCE,20240902,11.55
002072,BUY,20240902,4.37,3200,0.0,REBALANCE,20240902,4.37
300562,BUY,20240902,15.0,900,0.0,REBALANCE,20240902,15.0
300584,SELL,20240902,23.32,600,0.3442340791738462,TRAILING_STOP,20240902,23.24
300622,SELL,20240902,27.67,500,4.850322091701406,TRAILING_STOP,20240902,26.39
300709,SELL,20240902,38.7,300,1.0180109631949896,TRAILING_STOP,20240902,38.31
300184,SELL,20240902,7.44,1700,-8.823529411764703,STOP_LOSS,20240902,8.16
300686,SELL,20240902,10.48,1200,-5.415162454873642,TRAILING_STOP,20240902,11.08
300328,SELL,20240902,6.69,2100,0.2998500749625257,TRAILING_STOP,20240902,6.67
300460,SELL,20240902,11.81,1200,2.251082251082249,TRAILING_STOP,20240902,11.55
300562,SELL,20240902,12.86,900,-14.26666666666667,STOP_LOSS,20240902,15.0
300333,SELL,20240903,5.64,2200,-9.615384615384624,STOP_LOSS,20240902,6.24
300125,SELL,20240903,4.95,3000,7.608695652173925,TRAILING_STOP,20240902,4.6
300337,SELL,20240903,9.25,1300,-9.22473012757605,STOP_LOSS,20240902,10.19
300050,SELL,20240905,4.39,2900,-9.297520661157028,STOP_LOSS,20240902,4.84
002488,SELL,20240906,7.35,2000,5.150214592274669,REBALANCE,20240902,6.99
002072,SELL,20240906,4.64,3200,6.178489702517152,REBALANCE,20240902,4.37
002388,BUY,20240909,5.41,2600,0.0,REBALANCE,20240909,5.41
000908,BUY,20240909,4.81,2900,0.0,REBALANCE,20240909,4.81
300386,BUY,20240909,9.68,1400,0.0,REBALANCE,20240909,9.68
300333,BUY,20240909,5.33,2600,0.0,REBALANCE,20240909,5.33
300473,BUY,20240909,18.35,700,0.0,REBALANCE,20240909,18.35
300068,BUY,20240909,12.21,1100,0.0,REBALANCE,20240909,12.21
001298,BUY,20240909,33.02,400,0.0,REBALANCE,20240909,33.02
600552,BUY,20240909,14.45,900,0.0,REBALANCE,20240909,14.45
300310,BUY,20240909,5.17,2700,0.0,REBALANCE,20240909,5.17
605218,BUY,20240909,24.41,500,0.0,REBALANCE,20240909,24.41
002520,BUY,20240909,5.9,2400,0.0,REBALANCE,20240909,5.9
603626,BUY,20240909,14.53,900,0.0,REBALANCE,20240909,14.53
000851,BUY,20240909,3.36,4200,0.0,REBALANCE,20240909,3.36
300209,BUY,20240909,4.53,3100,0.0,REBALANCE,20240909,4.53
000062,SELL,20240909,37.4,500,33.57142857142857,TRAILING_STOP,20240902,28.0
300068,SELL,20240909,12.03,1100,-1.4742014742014864,TRAILING_STOP,20240909,12.21
600552,SELL,20240909,13.11,900,-9.273356401384083,STOP_LOSS,20240909,14.45
300310,SELL,20240909,5.25,2700,1.547388781431336,TRAILING_STOP,20240909,5.17
605218,SELL,20240909,24.41,500,0.0,TRAILING_STOP,20240909,24.41
603626,SELL,20240909,11.89,900,-18.169304886441836,STOP_LOSS,20240909,14.53
002388,SELL,20240910,4.87,2600,-9.981515711645102,STOP_LOSS,20240909,5.41
300386,SELL,20240910,9.41,1400,-2.789256198347103,TRAILING_STOP,20240909,9.68
001298,SELL,20240910,28.49,400,-13.718958207147198,STOP_LOSS,20240909,33.02
002520,SELL,20240910,5.37,2400,-8.983050847457632,STOP_LOSS,20240909,5.9
000851,SELL,20240910,3.02,4200,-10.119047619047615,STOP_LOSS,20240909,3.36
000908,SELL,20240911,4.34,2900,-9.771309771309767,STOP_LOSS,20240909,4.81
300473,SELL,20240912,16.78,700,-8.555858310626704,STOP_LOSS,20240909,18.35
300209,SELL,20240912,3.88,3100,-14.348785871964687,STOP_LOSS,20240909,4.53
300333,SELL,20240913,5.2,2600,-2.4390243902439006,MARKET_EXIT,20240909,5.33
300072,BUY,20240930,3.59,3600,0.0,REBALANCE,20240930,3.59
300746,BUY,20240930,16.68,700,0.0,REBALANCE,20240930,16.68
000595,BUY,20240930,7.0,1800,0.0,REBALANCE,20240930,7.0
600550,BUY,20240930,9.05,1400,0.0,REBALANCE,20240930,9.05
300085,BUY,20240930,32.81,300,0.0,REBALANCE,20240930,32.81
000627,BUY,20240930,3.61,3600,0.0,REBALANCE,20240930,3.61
300925,BUY,20240930,19.5,600,0.0,REBALANCE,20240930,19.5
300803,BUY,20240930,76.6,100,0.0,REBALANCE,20240930,76.6
300377,BUY,20240930,11.17,1100,0.0,REBALANCE,20240930,11.17
001236,BUY,20240930,12.52,1000,0.0,REBALANCE,20240930,12.52
300399,BUY,20240930,17.59,700,0.0,REBALANCE,20240930,17.59
300561,BUY,20240930,18.05,700,0.0,REBALANCE,20240930,18.05
000158,BUY,20240930,12.25,1000,0.0,REBALANCE,20240930,12.25
300061,BUY,20240930,10.97,1100,0.0,REBALANCE,20240930,10.97
601162,BUY,20240930,4.39,2900,0.0,REBALANCE,20240930,4.39
300072,SELL,20241008,4.62,3600,28.6908077994429,TRAILING_STOP,20240930,3.59
000595,SELL,20241008,8.34,1800,19.142857142857142,TRAILING_STOP,20240930,7.0
300746,SELL,20241009,18.15,700,8.812949640287764,TRAILING_STOP,20240930,16.68
600550,SELL,20241009,9.69,1400,7.071823204419876,TRAILING_STOP,20240930,9.05
000627,SELL,20241009,3.67,3600,1.6620498614958463,TRAILING_STOP,20240930,3.61
300803,SELL,20241009,87.11,100,13.720626631853793,TRAILING_STOP,20240930,76.6
001236,SELL,20241009,13.14,1000,4.952076677316302,TRAILING_STOP,20240930,12.52
300399,SELL,20241009,23.57,700,33.99658897100626,TRAILING_STOP,20240930,17.59
300561,SELL,20241009,23.95,700,32.68698060941828,TRAILING_STOP,20240930,18.05
300061,SELL,20241009,14.3,1100,30.355515041020965,TRAILING_STOP,20240930,10.97
300085,SELL,20241010,37.76,300,15.086863761048447,TRAILING_STOP,20240930,32.81
300925,SELL,20241010,25.1,600,28.717948717948726,TRAILING_STOP,20240930,19.5
300377,SELL,20241010,12.86,1100,15.129811996418974,TRAILING_STOP,20240930,11.17
601162,SELL,20241010,4.78,2900,8.883826879271083,TRAILING_STOP,20240930,4.39
300746,BUY,20241014,14.7,1000,0.0,REBALANCE,20241014,14.7
300380,BUY,20241014,35.02,400,0.0,REBALANCE,20241014,35.02
000595,BUY,20241014,9.75,1500,0.0,REBALANCE,20241014,9.75
300085,BUY,20241014,30.98,400,0.0,REBALANCE,20241014,30.98
300663,BUY,20241014,23.88,600,0.0,REBALANCE,20241014,23.88
300468,BUY,20241014,24.78,600,0.0,REBALANCE,20241014,24.78
300925,BUY,20241014,26.0,500,0.0,REBALANCE,20241014,26.0
002423,BUY,20241014,17.91,800,0.0,REBALANCE,20241014,17.91
300180,BUY,20241014,9.58,1500,0.0,REBALANCE,20241014,9.58
300551,BUY,20241014,13.88,1100,0.0,REBALANCE,20241014,13.88
300339,BUY,20241014,51.3,200,0.0,REBALANCE,20241014,51.3
300287,BUY,20241014,5.07,3000,0.0,REBALANCE,20241014,5.07
300561,BUY,20241014,18.76,800,0.0,REBALANCE,20241014,18.76
300061,BUY,20241014,11.95,1200,0.0,REBALANCE,20241014,11.95
300468,SELL,20241014,22.32,600,-9.927360774818403,STOP_LOSS,20241014,24.78
300746,SELL,20241015,16.21,1000,10.272108843537426,TRAILING_STOP,20241014,14.7
300380,SELL,20241015,37.0,400,5.653912050256986,TRAILING_STOP,20241014,35.02
300085,SELL,20241015,35.65,400,15.074241446094247,TRAILING_STOP,20241014,30.98
300663,SELL,20241015,25.45,600,6.574539363484089,TRAILING_STOP,20241014,23.88
300925,SELL,20241015,26.66,500,2.538461538461539,TRAILING_STOP,20241014,26.0
002423,SELL,20241015,18.22,800,1.7308766052484574,TRAILING_STOP,20241014,17.91
300180,SELL,20241015,9.97,1500,4.0709812108559555,TRAILING_STOP,20241014,9.58
300551,SELL,20241015,14.44,1100,4.0345821325648314,TRAILING_STOP,20241014,13.88
300339,SELL,20241015,60.02,200,16.99805068226122,TRAILING_STOP,20241014,51.3
300287,SELL,20241015,5.15,3000,1.577909270216964,TRAILING_STOP,20241014,5.07
300561,SELL,20241015,18.67,800,-0.4797441364605535,TRAILING_STOP,20241014,18.76
300061,SELL,20241015,14.21,1200,18.912133891213404,TRAILING_STOP,20241014,11.95
000595,SELL,20241016,9.68,1500,-0.717948717948721,TRAILING_STOP,20241014,9.75
300380,BUY,20241021,39.16,400,0.0,REBALANCE,20241021,39.16
300663,BUY,20241021,26.05,600,0.0,REBALANCE,20241021,26.05
300085,BUY,20241021,43.3,300,0.0,REBALANCE,20241021,43.3
300348,BUY,20241021,19.0,800,0.0,REBALANCE,20241021,19.0
300468,BUY,20241021,25.62,600,0.0,REBALANCE,20241021,25.62
002693,BUY,20241021,28.4,500,0.0,REBALANCE,20241021,28.4
300077,BUY,20241021,30.32,500,0.0,REBALANCE,20241021,30.32
002583,BUY,20241021,12.0,1300,0.0,REBALANCE,20241021,12.0
300803,BUY,20241021,92.58,100,0.0,REBALANCE,20241021,92.58
300925,BUY,20241021,27.7,500,0.0,REBALANCE,20241021,27.7
300180,BUY,20241021,9.97,1600,0.0,REBALANCE,20241021,9.97
300865,BUY,20241021,36.0,400,0.0,REBALANCE,20241021,36.0
300339,BUY,20241021,60.2,200,0.0,REBALANCE,20241021,60.2
300061,BUY,20241021,15.01,1000,0.0,REBALANCE,20241021,15.01
300085,SELL,20241021,44.94,300,3.7875288683602784,TRAILING_STOP,20241021,43.3
300348,SELL,20241021,20.25,800,6.578947368421052,TRAILING_STOP,20241021,19.0
300077,SELL,20241021,32.02,500,5.606860158311355,TRAILING_STOP,20241021,30.32
300803,SELL,20241021,95.84,100,3.5212788939295803,TRAILING_STOP,20241021,92.58
000158,SELL,20241022,24.82,1000,102.61224489795919,TRAILING_STOP,20240930,12.25
300663,SELL,20241022,24.89,600,-4.452975047984645,TRAILING_STOP,20241021,26.05
300468,SELL,20241022,23.76,600,-7.259953161592502,TRAILING_STOP,20241021,25.62
300925,SELL,20241022,26.58,500,-4.043321299638993,TRAILING_STOP,20241021,27.7
300180,SELL,20241022,9.65,1600,-3.2096288866599827,TRAILING_STOP,20241021,9.97
300865,SELL,20241022,36.46,400,1.2777777777777801,TRAILING_STOP,20241021,36.0
300339,SELL,20241022,64.31,200,6.827242524916942,TRAILING_STOP,20241021,60.2
300061,SELL,20241022,14.41,1000,-3.997335109926713,TRAILING_STOP,20241021,15.01
300380,SELL,20241023,51.37,400,31.17977528089888,TRAILING_STOP,20241021,39.16
002693,SELL,20241023,28.12,500,-0.9859154929577381,TRAILING_STOP,20241021,28.4
301297,BUY,20241028,70.25,200,0.0,REBALANCE,20241028,70.25
300046,BUY,20241028,47.2,300,0.0,REBALANCE,20241028,47.2
300085,BUY,20241028,40.0,400,0.0,REBALANCE,20241028,40.0
000158,BUY,20241028,27.8,600,0.0,REBALANCE,20241028,27.8
603038,BUY,20241028,25.67,600,0.0,REBALANCE,20241028,25.67
002693,BUY,20241028,36.29,400,0.0,REBALANCE,20241028,36.29
300077,BUY,20241028,31.3,500,0.0,REBALANCE,20241028,31.3
300803,BUY,20241028,92.1,100,0.0,REBALANCE,20241028,92.1
603106,BUY,20241028,13.1,1300,0.0,REBALANCE,20241028,13.1
300063,BUY,20241028,10.58,1600,0.0,REBALANCE,20241028,10.58
002094,BUY,20241028,6.94,2400,0.0,REBALANCE,20241028,6.94
300339,BUY,20241028,62.66,200,0.0,REBALANCE,20241028,62.66
600520,BUY,20241028,52.6,300,0.0,REBALANCE,20241028,52.6
002628,BUY,20241028,5.31,3200,0.0,REBALANCE,20241028,5.31
300063,SELL,20241028,11.38,1600,7.561436672967871,TRAILING_STOP,20241028,10.58
301297,SELL,20241029,66.62,200,-5.167259786476862,TRAILING_STOP,20241028,70.25
300046,SELL,20241029,45.1,300,-4.449152542372884,TRAILING_STOP,20241028,47.2
300085,SELL,20241029,51.4,400,28.499999999999996,TRAILING_STOP,20241028,40.0
603038,SELL,20241029,27.0,600,5.181145305804434,TRAILING_STOP,20241028,25.67
002693,SELL,20241029,38.37,400,5.731606503168912,TRAILING_STOP,20241028,36.29
300077,SELL,20241029,32.93,500,5.20766773162939,TRAILING_STOP,20241028,31.3
300803,SELL,20241029,96.58,100,4.864277958740503,TRAILING_STOP,20241028,92.1
603106,SELL,20241029,11.8,1300,-9.923664122137396,STOP_LOSS,20241028,13.1
300339,SELL,20241029,64.6,200,3.0960740504308935,TRAILING_STOP,20241028,62.66
600520,SELL,20241029,51.88,300,-1.3688212927756631,TRAILING_STOP,20241028,52.6
002583,SELL,20241101,25.38,1300,111.5,TRAILING_STOP,20241021,12.0
000158,SELL,20241101,33.34,600,19.928057553956844,TRAILING_STOP,20241028,27.8
002628,SELL,20241101,7.08,3200,33.33333333333334,TRAILING_STOP,20241028,5.31
300489,BUY,20241104,80.05,200,0.0,REBALANCE,20241104,80.05
002272,BUY,20241104,13.33,1400,0.0,REBALANCE,20241104,13.33
600839,BUY,20241104,13.38,1400,0.0,REBALANCE,20241104,13.38
600292,BUY,20241104,12.6,1500,0.0,REBALANCE,20241104,12.6
603038,BUY,20241104,26.46,700,0.0,REBALANCE,20241104,26.46
002693,BUY,20241104,30.28,600,0.0,REBALANCE,20241104,30.28
002583,BUY,20241104,22.84,800,0.0,REBALANCE,20241104,22.84
603887,BUY,20241104,16.36,1100,0.0,REBALANCE,20241104,16.36
300355,BUY,20241104,7.35,2600,0.0,REBALANCE,20241104,7.35
300152,BUY,20241104,7.18,2600,0.0,REBALANCE,20241104,7.18
000958,BUY,20241104,9.6,2000,0.0,REBALANCE,20241104,9.6
000158,BUY,20241104,30.01,600,0.0,REBALANCE,20241104,30.01
002628,BUY,20241104,6.37,3000,0.0,REBALANCE,20241104,6.37
300010,BUY,20241104,12.03,1600,0.0,REBALANCE,20241104,12.03
002094,SELL,20241104,9.3,2400,34.00576368876081,TRAILING_STOP,20241028,6.94
002272,SELL,20241104,13.33,1400,0.0,TRAILING_STOP,20241104,13.33
002583,SELL,20241104,22.84,800,0.0,TRAILING_STOP,20241104,22.84
300355,SELL,20241104,7.2,2600,-2.040816326530605,TRAILING_STOP,20241104,7.35
300152,SELL,20241104,6.89,2600,-4.038997214484681,TRAILING_STOP,20241104,7.18
300010,SELL,20241104,10.8,1600,-10.224438902743131,STOP_LOSS,20241104,12.03
600839,SELL,20241105,14.43,1400,7.8475336322869875,TRAILING_STOP,20241104,13.38
600292,SELL,20241105,12.73,1500,1.031746031746038,TRAILING_STOP,20241104,12.6
603038,SELL,20241105,25.13,700,-5.026455026455033,TRAILING_STOP,20241104,26.46
002693,SELL,20241105,30.03,600,-0.8256274768824305,TRAILING_STOP,20241104,30.28
000158,SELL,20241105,35.55,600,18.460513162279224,TRAILING_STOP,20241104,30.01
300489,SELL,20241106,84.48,200,5.534041224234862,TRAILING_STOP,20241104,80.05
000958,SELL,20241106,8.31,2000,-13.437499999999991,STOP_LOSS,20241104,9.6
002628,SELL,20241106,6.04,3000,-5.180533751962325,TRAILING_STOP,20241104,6.37
603887,SELL,20241107,14.23,1100,-13.019559902200484,STOP_LOSS,20241104,16.36
300489,BUY,20241111,85.0,200,0.0,REBALANCE,20241111,85.0
301297,BUY,20241111,58.8,300,0.0,REBALANCE,20241111,58.8
600839,BUY,20241111,13.0,1400,0.0,REBALANCE,20241111,13.0
600292,BUY,20241111,15.33,1200,0.0,REBALANCE,20241111,15.33
601727,BUY,20241111,11.09,1600,0.0,REBALANCE,20241111,11.09
603038,BUY,20241111,21.7,800,0.0,REBALANCE,20241111,21.7
300968,BUY,20241111,22.8,800,0.0,REBALANCE,20241111,22.8
002583,BUY,20241111,20.68,900,0.0,REBALANCE,20241111,20.68
688660,BUY,20241111,10.3,1800,0.0,REBALANCE,20241111,10.3
300377,BUY,20241111,27.5,600,0.0,REBALANCE,20241111,27.5
603268,BUY,20241111,44.0,400,0.0,REBALANCE,20241111,44.0
002094,BUY,20241111,8.13,2300,0.0,REBALANCE,20241111,8.13
000536,BUY,20241111,7.25,2500,0.0,REBALANCE,20241111,7.25
002542,BUY,20241111,5.57,3300,0.0,REBALANCE,20241111,5.57
600340,BUY,20241111,3.62,5100,0.0,REBALANCE,20241111,3.62
601727,SELL,20241111,11.07,1600,-0.1803426510369664,TRAILING_STOP,20241111,11.09
688660,SELL,20241111,9.18,1800,-10.873786407766998,STOP_LOSS,20241111,10.3
300377,SELL,20241111,26.34,600,-4.218181818181819,TRAILING_STOP,20241111,27.5
603268,SELL,20241111,44.22,400,0.4999999999999974,TRAILING_STOP,20241111,44.0
300489,SELL,20241112,73.4,200,-13.647058823529404,STOP_LOSS,20241111,85.0
301297,SELL,20241112,56.1,300,-4.591836734693871,TRAILING_STOP,20241111,58.8
000536,SELL,20241112,6.53,2500,-9.931034482758617,STOP_LOSS,20241111,7.25
002542,SELL,20241112,5.01,3300,-10.053859964093366,STOP_LOSS,20241111,5.57
600340,SELL,20241112,3.26,5100,-9.944751381215477,STOP_LOSS,20241111,3.62
600292,SELL,20241113,14.92,1200,-2.674494455316374,TRAILING_STOP,20241111,15.33
002583,SELL,20241113,21.36,900,3.2882011605415844,TRAILING_STOP,20241111,20.68
300968,SELL,20241114,19.79,800,-13.20175438596492,STOP_LOSS,20241111,22.8
002094,SELL,20241114,7.44,2300,-8.487084870848713,STOP_LOSS,20241111,8.13
600839,SELL,20241115,13.23,1400,1.7692307692307725,TRAILING_STOP,20241111,13.0
603038,SELL,20241115,19.31,800,-11.01382488479263,STOP_LOSS,20241111,21.7
300380,BUY,20241202,59.01,200,0.0,REBALANCE,20241202,59.01
300220,BUY,20241202,19.8,800,0.0,REBALANCE,20241202,19.8
300822,BUY,20241202,30.61,500,0.0,REBALANCE,20241202,30.61
002095,BUY,20241202,27.87,600,0.0,REBALANCE,20241202,27.87
002131,BUY,20241202,4.04,4300,0.0,REBALANCE,20241202,4.04
600410,BUY,20241202,11.82,1400,0.0,REBALANCE,20241202,11.82
300607,BUY,20241202,30.0,500,0.0,REBALANCE,20241202,30.0
300377,BUY,20241202,34.84,500,0.0,REBALANCE,20241202,34.84
603366,BUY,20241202,19.6,800,0.0,REBALANCE,20241202,19.6
300173,BUY,20241202,8.1,2100,0.0,REBALANCE,20241202,8.1
300561,BUY,20241202,44.02,300,0.0,REBALANCE,20241202,44.02
002103,BUY,20241202,17.07,1000,0.0,REBALANCE,20241202,17.07
600889,BUY,20241202,19.99,800,0.0,REBALANCE,20241202,19.99
603955,BUY,20241202,23.25,700,0.0,REBALANCE,20241202,23.25
000833,BUY,20241202,16.03,1000,0.0,REBALANCE,20241202,16.03
300380,SELL,20241202,66.85,200,13.285883748517193,TRAILING_STOP,20241202,59.01
300822,SELL,20241202,30.0,500,-1.9928128062724582,TRAILING_STOP,20241202,30.61
002095,SELL,20241202,30.02,600,7.714388231072833,TRAILING_STOP,20241202,27.87
603366,SELL,20241202,19.68,800,0.40816326530611374,TRAILING_STOP,20241202,19.6
300173,SELL,20241202,8.18,2100,0.9876543209876552,TRAILING_STOP,20241202,8.1
300561,SELL,20241202,46.69,300,6.0654248069059395,TRAILING_STOP,20241202,44.02
600410,SELL,20241203,11.12,1400,-5.922165820642987,TRAILING_STOP,20241202,11.82
300607,SELL,20241203,32.6,500,8.666666666666671,TRAILING_STOP,20241202,30.0
300377,SELL,20241203,37.13,500,6.572904707233063,TRAILING_STOP,20241202,34.84
002103,SELL,20241203,15.36,1000,-10.017574692442889,STOP_LOSS,20241202,17.07
300220,SELL,20241204,17.32,800,-12.525252525252528,STOP_LOSS,20241202,19.8
600889,SELL,20241204,20.49,800,2.5012506253126565,TRAILING_STOP,20241202,19.99
000833,SELL,20241204,17.52,1000,9.295071740486577,TRAILING_STOP,20241202,16.03
603955,SELL,20241205,25.94,700,11.569892473118285,TRAILING_STOP,20241202,23.25
605179,BUY,20241209,25.46,700,0.0,REBALANCE,20241209,25.46
688165,BUY,20241209,29.5,600,0.0,REBALANCE,20241209,29.5
002175,BUY,20241209,5.33,3400,0.0,REBALANCE,20241209,5.33
300822,BUY,20241209,26.01,700,0.0,REBALANCE,20241209,26.01
002031,BUY,20241209,6.6,2700,0.0,REBALANCE,20241209,6.6
300840,BUY,20241209,25.0,700,0.0,REBALANCE,20241209,25.0
300607,BUY,20241209,32.9,500,0.0,REBALANCE,20241209,32.9
002640,BUY,20241209,6.14,2900,0.0,REBALANCE,20241209,6.14
603366,BUY,20241209,17.46,1000,0.0,REBALANCE,20241209,17.46
301171,BUY,20241209,38.05,400,0.0,REBALANCE,20241209,38.05
002526,BUY,20241209,5.23,3500,0.0,REBALANCE,20241209,5.23
002347,BUY,20241209,11.01,1600,0.0,REBALANCE,20241209,11.01
600889,BUY,20241209,19.75,900,0.0,REBALANCE,20241209,19.75
000833,BUY,20241209,15.57,1100,0.0,REBALANCE,20241209,15.57
002131,SELL,20241209,5.12,4300,26.732673267326735,TRAILING_STOP,20241202,4.04
688165,SELL,20241209,33.67,600,14.135593220338988,TRAILING_STOP,20241209,29.5
002031,SELL,20241209,6.57,2700,-0.45454545454544487,TRAILING_STOP,20241209,6.6
300840,SELL,20241209,26.17,700,4.680000000000007,TRAILING_STOP,20241209,25.0
300607,SELL,20241209,35.29,500,7.264437689969607,TRAILING_STOP,20241209,32.9
002640,SELL,20241209,6.14,2900,0.0,TRAILING_STOP,20241209,6.14
600889,SELL,20241209,19.73,900,-0.10126582278480796,TRAILING_STOP,20241209,19.75
300822,SELL,20241210,26.88,700,3.344867358708179,TRAILING_STOP,20241209,26.01
603366,SELL,20241210,16.5,1000,-5.498281786941585,TRAILING_STOP,20241209,17.46
301171,SELL,20241210,38.29,400,0.6307490144546701,TRAILING_STOP,20241209,38.05
002526,SELL,20241211,5.08,3500,-2.868068833652014,TRAILING_STOP,20241209,5.23
002347,SELL,20241211,11.25,1600,2.1798365122615824,TRAILING_STOP,20241209,11.01
000833,SELL,20241211,14.02,1100,-9.955041746949265,STOP_LOSS,20241209,15.57
605179,SELL,20241212,30.49,700,19.756480754124105,TRAILING_STOP,20241209,25.46
688165,BUY,20241216,34.0,500,0.0,REBALANCE,20241216,34.0
002354,BUY,20241216,8.8,2100,0.0,REBALANCE,20241216,8.8
002076,BUY,20241216,4.15,4600,0.0,REBALANCE,20241216,4.15
002403,BUY,20241216,22.94,800,0.0,REBALANCE,20241216,22.94
002265,BUY,20241216,29.0,600,0.0,REBALANCE,20241216,29.0
002031,BUY,20241216,7.13,2600,0.0,REBALANCE,20241216,7.13
600593,BUY,20241216,52.24,300,0.0,REBALANCE,20241216,52.24
300822,BUY,20241216,25.89,700,0.0,REBALANCE,20241216,25.89
603662,BUY,20241216,76.0,200,0.0,REBALANCE,20241216,76.0
300276,BUY,20241216,11.25,1600,0.0,REBALANCE,20241216,11.25
002593,BUY,20241216,7.35,2500,0.0,REBALANCE,20241216,7.35
300561,BUY,20241216,58.95,300,0.0,REBALANCE,20241216,58.95
002103,BUY,20241216,16.67,1100,0.0,REBALANCE,20241216,16.67
600889,BUY,20241216,20.13,900,0.0,REBALANCE,20241216,20.13
002175,SELL,20241216,7.22,3400,35.45966228893057,TRAILING_STOP,20241209,5.33
002354,SELL,20241216,7.78,2100,-11.590909090909095,STOP_LOSS,20241216,8.8
002076,SELL,20241216,3.96,4600,-4.578313253012057,TRAILING_STOP,20241216,4.15
002403,SELL,20241216,21.51,800,-6.233653007846555,TRAILING_STOP,20241216,22.94
002265,SELL,20241216,25.42,600,-12.344827586206891,STOP_LOSS,20241216,29.0
002103,SELL,20241216,14.73,1100,-11.637672465506906,STOP_LOSS,20241216,16.67
600889,SELL,20241216,21.3,900,5.812220566318936,TRAILING_STOP,20241216,20.13
688165,SELL,20241217,30.6,500,-9.999999999999996,STOP_LOSS,20241216,34.0
002031,SELL,20241217,6.08,2600,-14.72650771388499,STOP_LOSS,20241216,7.13
600593,SELL,20241217,50.56,300,-3.2159264931087286,TRAILING_STOP,20241216,52.24
300822,SELL,20241217,23.3,700,-10.00386249517188,STOP_LOSS,20241216,25.89
300276,SELL,20241217,9.3,1600,-17.33333333333333,STOP_LOSS,20241216,11.25
002593,SELL,20241217,6.62,2500,-9.93197278911564,STOP_LOSS,20241216,7.35
300561,SELL,20241217,60.04,300,1.8490245971161938,TRAILING_STOP,20241216,58.95
603662,SELL,20241218,68.49,200,-9.881578947368427,STOP_LOSS,20241216,76.0
600793,BUY,20241230,26.92,600,0.0,REBALANCE,20241230,26.92
002265,BUY,20241230,22.12,700,0.0,REBALANCE,20241230,22.12
600255,BUY,20241230,4.16,4200,0.0,REBALANCE,20241230,4.16
002851,BUY,20241230,61.8,200,0.0,REBALANCE,20241230,61.8
688716,BUY,20241230,40.41,400,0.0,REBALANCE,20241230,40.41
002277,BUY,20241230,6.8,2500,0.0,REBALANCE,20241230,6.8
300153,BUY,20241230,15.49,1100,0.0,REBALANCE,20241230,15.49
000759,BUY,20241230,11.11,1500,0.0,REBALANCE,20241230,11.11
300913,BUY,20241230,68.99,200,0.0,REBALANCE,20241230,68.99
300276,BUY,20241230,10.16,1700,0.0,REBALANCE,20241230,10.16
002130,BUY,20241230,29.22,500,0.0,REBALANCE,20241230,29.22
002730,BUY,20241230,15.8,1100,0.0,REBALANCE,20241230,15.8
301536,BUY,20241230,83.94,200,0.0,REBALANCE,20241230,83.94
300548,BUY,20241230,47.95,300,0.0,REBALANCE,20241230,47.95
300493,BUY,20241230,27.47,600,0.0,REBALANCE,20241230,27.47
600255,SELL,20241230,3.8,4200,-8.65384615384616,STOP_LOSS,20241230,4.16
300913,SELL,20241230,62.41,200,-9.537614146977822,STOP_LOSS,20241230,68.99
002130,SELL,20241230,27.8,500,-4.859685147159474,TRAILING_STOP,20241230,29.22
002730,SELL,20241230,12.92,1100,-18.227848101265824,STOP_LOSS,20241230,15.8
300548,SELL,20241230,47.75,300,-0.41710114702816026,TRAILING_STOP,20241230,47.95
600793,SELL,20241231,23.23,600,-13.707280832095101,STOP_LOSS,20241230,26.92
002851,SELL,20241231,61.46,200,-0.5501618122977286,TRAILING_STOP,20241230,61.8
688716,SELL,20241231,36.35,400,-10.047018064835425,STOP_LOSS,20241230,40.41
002277,SELL,20241231,5.85,2500,-13.970588235294121,STOP_LOSS,20241230,6.8
300276,SELL,20241231,8.99,1700,-11.515748031496061,STOP_LOSS,20241230,10.16
301536,SELL,20241231,79.9,200,-4.812961639266133,TRAILING_STOP,20241230,83.94
300153,SELL,20250102,14.15,1100,-8.650742414460941,STOP_LOSS,20241230,15.49
000759,SELL,20250103,12.95,1500,16.56165616561656,TRAILING_STOP,20241230,11.11
300493,SELL,20250103,29.52,600,7.462686567164183,TRAILING_STOP,20241230,27.47
002265,SELL,20250103,26.3,700,18.896925858951175,MARKET_EXIT,20241230,22.12
600693,BUY,20250120,6.85,2400,0.0,REBALANCE,20250120,6.85
300548,BUY,20250120,50.25,300,0.0,REBALANCE,20250120,50.25
002265,BUY,20250120,28.3,500,0.0,REBALANCE,20250120,28.3
600397,BUY,20250120,4.6,3600,0.0,REBALANCE,20250120,4.6
000880,BUY,20250120,19.73,800,0.0,REBALANCE,20250120,19.73
603777,BUY,20250120,20.03,800,0.0,REBALANCE,20250120,20.03
300718,BUY,20250120,40.5,400,0.0,REBALANCE,20250120,40.5
002364,BUY,20250120,12.26,1300,0.0,REBALANCE,20250120,12.26
002187,BUY,20250120,9.26,1800,0.0,REBALANCE,20250120,9.26
300344,BUY,20250120,8.38,1900,0.0,REBALANCE,20250120,8.38
603667,BUY,20250120,39.91,400,0.0,REBALANCE,20250120,39.91
002730,BUY,20250120,20.0,800,0.0,REBALANCE,20250120,20.0
603063,BUY,20250120,30.51,500,0.0,REBALANCE,20250120,30.51
002917,BUY,20250120,20.0,800,0.0,REBALANCE,20250120,20.0
603959,BUY,20250120,4.27,3900,0.0,REBALANCE,20250120,4.27
603777,SELL,20250120,20.51,800,2.3964053919121335,TRAILING_STOP,20250120,20.03
002917,SELL,20250120,18.14,800,-9.299999999999997,STOP_LOSS,20250120,20.0
300718,SELL,20250121,53.78,400,32.79012345679013,TRAILING_STOP,20250120,40.5
600693,SELL,20250122,7.48,2400,9.197080291970815,TRAILING_STOP,20250120,6.85
002265,SELL,20250122,31.51,500,11.342756183745585,TRAILING_STOP,20250120,28.3
000880,SELL,20250122,22.23,800,12.671059300557527,TRAILING_STOP,20250120,19.73
002187,SELL,20250122,8.95,1800,-3.3477321814254912,TRAILING_STOP,20250120,9.26
603063,SELL,20250122,34.9,500,14.388725008194026,TRAILING_STOP,20250120,30.51
603959,SELL,20250122,3.81,3900,-10.772833723653385,STOP_LOSS,20250120,4.27
300548,SELL,20250123,55.78,300,11.004975124378111,TRAILING_STOP,20250120,50.25
600397,SELL,20250123,4.22,3600,-8.260869565217389,STOP_LOSS,20250120,4.6
002364,SELL,20250123,13.04,1300,6.362153344208804,TRAILING_STOP,20250120,12.26
300344,SELL,20250123,7.05,1900,-15.871121718377099,STOP_LOSS,20250120,8.38
603667,SELL,20250123,43.9,400,9.997494362315216,TRAILING_STOP,20250120,39.91
002730,SELL,20250124,24.79,800,23.949999999999996,TRAILING_STOP,20250120,20.0
002484,BUY,20250127,24.0,700,0.0,REBALANCE,20250127,24.0
603063,BUY,20250127,33.12,500,0.0,REBALANCE,20250127,33.12
300548,BUY,20250127,57.0,300,0.0,REBALANCE,20250127,57.0
002265,BUY,20250127,30.68,500,0.0,REBALANCE,20250127,30.68
300840,BUY,20250127,27.0,600,0.0,REBALANCE,20250127,27.0
300718,BUY,20250127,55.8,300,0.0,REBALANCE,20250127,55.8
000573,BUY,20250127,5.5,3100,0.0,REBALANCE,20250127,5.5
300170,BUY,20250127,21.52,800,0.0,REBALANCE,20250127,21.52
002364,BUY,20250127,13.5,1300,0.0,REBALANCE,20250127,13.5
000882,BUY,20250127,3.55,4900,0.0,REBALANCE,20250127,3.55
605488,BUY,20250127,34.0,500,0.0,REBALANCE,20250127,34.0
603667,BUY,20250127,47.8,300,0.0,REBALANCE,20250127,47.8
002730,BUY,20250127,23.01,700,0.0,REBALANCE,20250127,23.01
301000,BUY,20250127,36.21,400,0.0,REBALANCE,20250127,36.21
002917,BUY,20250127,18.0,900,0.0,REBALANCE,20250127,18.0
002265,SELL,20250127,29.8,500,-2.8683181225554075,TRAILING_STOP,20250127,30.68
000573,SELL,20250127,5.35,3100,-2.7272727272727337,TRAILING_STOP,20250127,5.5
300170,SELL,20250127,19.59,800,-8.968401486988846,STOP_LOSS,20250127,21.52
002364,SELL,20250127,13.45,1300,-0.3703703703703756,TRAILING_STOP,20250127,13.5
605488,SELL,20250127,33.44,500,-1.6470588235294186,TRAILING_STOP,20250127,34.0
603667,SELL,20250127,43.46,300,-9.079497907949783,STOP_LOSS,20250127,47.8
002730,SELL,20250127,23.05,700,0.17383746197305147,TRAILING_STOP,20250127,23.01
002917,SELL,20250127,16.56,900,-8.000000000000007,STOP_LOSS,20250127,18.0
002484,SELL,20250205,21.63,700,-9.875000000000005,STOP_LOSS,20250127,24.0
603063,SELL,20250205,28.44,500,-14.130434782608686,STOP_LOSS,20250127,33.12
300548,SELL,20250205,48.0,300,-15.789473684210526,STOP_LOSS,20250127,57.0
300840,SELL,20250205,26.1,600,-3.3333333333333277,TRAILING_STOP,20250127,27.0
300718,SELL,20250205,53.89,300,-3.4229390681003524,TRAILING_STOP,20250127,55.8
000882,SELL,20250205,3.04,4900,-14.366197183098587,STOP_LOSS,20250127,3.55
301000,SELL,20250205,36.78,400,1.5741507870753944,TRAILING_STOP,20250127,36.21
688620,BUY,20250210,18.9,800,0.0,REBALANCE,20250210,18.9
300638,BUY,20250210,36.97,400,0.0,REBALANCE,20250210,36.97
002031,BUY,20250210,7.49,2200,0.0,REBALANCE,20250210,7.49
002896,BUY,20250210,62.56,200,0.0,REBALANCE,20250210,62.56
300718,BUY,20250210,68.5,200,0.0,REBALANCE,20250210,68.5
688158,BUY,20250210,28.59,500,0.0,REBALANCE,20250210,28.59
300766,BUY,20250210,41.01,400,0.0,REBALANCE,20250210,41.01
301000,BUY,20250210,38.6,400,0.0,REBALANCE,20250210,38.6
002691,BUY,20250210,11.1,1400,0.0,REBALANCE,20250210,11.1
605488,BUY,20250210,33.95,400,0.0,REBALANCE,20250210,33.95
600289,BUY,20250210,2.97,5500,0.0,REBALANCE,20250210,2.97
300790,BUY,20250210,28.29,500,0.0,REBALANCE,20250210,28.29
603667,BUY,20250210,45.0,300,0.0,REBALANCE,20250210,45.0
002730,BUY,20250210,22.01,700,0.0,REBALANCE,20250210,22.01
300170,BUY,20250210,20.99,700,0.0,REBALANCE,20250210,20.99
688620,SELL,20250210,21.01,800,11.16402116402118,TRAILING_STOP,20250210,18.9
002691,SELL,20250210,10.32,1400,-7.027027027027022,TRAILING_STOP,20250210,11.1
300638,SELL,20250211,36.6,400,-1.0008114687584457,TRAILING_STOP,20250210,36.97
688158,SELL,20250211,27.9,500,-2.413431269674716,TRAILING_STOP,20250210,28.59
300766,SELL,20250211,52.07,400,26.96903194342844,TRAILING_STOP,20250210,41.01
300790,SELL,20250211,29.35,500,3.746907034287742,TRAILING_STOP,20250210,28.29
300170,SELL,20250211,21.02,700,0.14292520247737558,TRAILING_STOP,20250210,20.99
002730,SELL,20250212,21.9,700,-0.4997728305315901,TRAILING_STOP,20250210,22.01
002896,SELL,20250213,64.22,200,2.653452685421989,TRAILING_STOP,20250210,62.56
300718,SELL,20250213,67.85,200,-0.9489051094890594,TRAILING_STOP,20250210,68.5
605488,SELL,20250213,41.41,400,21.973490427098653,TRAILING_STOP,20250210,33.95
002031,SELL,20250214,8.44,2200,12.683578104138842,TRAILING_STOP,20250210,7.49
603667,SELL,20250214,39.8,300,-11.555555555555562,STOP_LOSS,20250210,45.0
301000,SELL,20250214,35.55,400,-7.901554404145089,REBALANCE,20250210,38.6
600126,BUY,20250217,11.51,1500,0.0,REBALANCE,20250217,11.51
002881,BUY,20250217,58.72,200,0.0,REBALANCE,20250217,58.72
300638,BUY,20250217,35.19,400,0.0,REBALANCE,20250217,35.19
002123,BUY,20250217,25.15,600,0.0,REBALANCE,20250217,25.15
300718,BUY,20250217,63.01,200,0.0,REBALANCE,20250217,63.01
300251,BUY,20250217,40.0,400,0.0,REBALANCE,20250217,40.0
688158,BUY,20250217,39.18,400,0.0,REBALANCE,20250217,39.18
300344,BUY,20250217,9.88,1700,0.0,REBALANCE,20250217,9.88
300766,BUY,20250217,50.47,300,0.0,REBALANCE,20250217,50.47
688244,BUY,20250217,57.5,300,0.0,REBALANCE,20250217,57.5
002691,BUY,20250217,11.31,1500,0.0,REBALANCE,20250217,11.31
605488,BUY,20250217,39.78,400,0.0,REBALANCE,20250217,39.78
300846,BUY,20250217,26.2,600,0.0,REBALANCE,20250217,26.2
300170,BUY,20250217,22.58,700,0.0,REBALANCE,20250217,22.58
002123,SELL,20250217,20.57,600,-18.210735586481107,STOP_LOSS,20250217,25.15
300251,SELL,20250217,29.66,400,-25.85,STOP_LOSS,20250217,40.0
300344,SELL,20250217,8.96,1700,-9.311740890688258,STOP_LOSS,20250217,9.88
688244,SELL,20250217,51.1,300,-11.130434782608694,STOP_LOSS,20250217,57.5
600126,SELL,20250218,11.03,1500,-4.170286707211124,TRAILING_STOP,20250217,11.51
300718,SELL,20250218,82.31,200,30.630058720837972,TRAILING_STOP,20250217,63.01
300766,SELL,20250218,58.9,300,16.702991876362194,TRAILING_STOP,20250217,50.47
002691,SELL,20250218,12.88,1500,13.881520778072504,TRAILING_STOP,20250217,11.31
300846,SELL,20250220,25.68,600,-1.9847328244274793,TRAILING_STOP,20250217,26.2
300638,SELL,20250221,37.85,400,7.558965615231611,TRAILING_STOP,20250217,35.19
600289,SELL,20250221,4.4,5500,48.14814814814815,REBALANCE,20250210,2.97
002881,SELL,20250221,57.93,200,-1.3453678474114428,REBALANCE,20250217,58.72
300170,SELL,20250221,22.38,700,-0.8857395925597844,REBALANCE,20250217,22.58
300817,BUY,20250224,29.0,600,0.0,REBALANCE,20250224,29.0
600126,BUY,20250224,12.35,1400,0.0,REBALANCE,20250224,12.35
000818,BUY,20250224,36.44,400,0.0,REBALANCE,20250224,36.44
605398,BUY,20250224,39.13,400,0.0,REBALANCE,20250224,39.13
601177,BUY,20250224,17.88,900,0.0,REBALANCE,20250224,17.88
002896,BUY,20250224,92.6,100,0.0,REBALANCE,20250224,92.6
603881,BUY,20250224,42.0,400,0.0,REBALANCE,20250224,42.0
688393,BUY,20250224,36.87,400,0.0,REBALANCE,20250224,36.87
300251,BUY,20250224,28.0,600,0.0,REBALANCE,20250224,28.0
300153,BUY,20250224,31.0,500,0.0,REBALANCE,20250224,31.0
688316,BUY,20250224,93.33,100,0.0,REBALANCE,20250224,93.33
300766,BUY,20250224,55.51,300,0.0,REBALANCE,20250224,55.51
000856,BUY,20250224,14.89,1100,0.0,REBALANCE,20250224,14.89
688158,SELL,20250224,32.62,400,-16.743236345074024,STOP_LOSS,20250217,39.18
605488,SELL,20250224,56.25,400,41.40271493212669,TRAILING_STOP,20250217,39.78
300817,SELL,20250224,27.75,600,-4.310344827586207,TRAILING_STOP,20250224,29.0
600126,SELL,20250224,11.05,1400,-10.526315789473676,STOP_LOSS,20250224,12.35
688316,SELL,20250224,83.15,100,-10.907532411871845,STOP_LOSS,20250224,93.33
000818,SELL,20250225,32.8,400,-9.98902305159166,STOP_LOSS,20250224,36.44
601177,SELL,20250225,17.5,900,-2.1252796420581603,TRAILING_STOP,20250224,17.88
603881,SELL,20250225,40.99,400,-2.4047619047619,TRAILING_STOP,20250224,42.0
688393,SELL,20250225,36.97,400,0.271223216707354,TRAILING_STOP,20250224,36.87
300251,SELL,20250225,24.48,600,-12.57142857142857,STOP_LOSS,20250224,28.0
300153,SELL,20250225,35.55,500,14.6774193548387,TRAILING_STOP,20250224,31.0
000856,SELL,20250225,13.66,1100,-8.260577568838148,STOP_LOSS,20250224,14.89
002896,SELL,20250228,104.64,100,13.00215982721383,TRAILING_STOP,20250224,92.6
605398,SELL,20250228,40.7,400,4.012266802964478,MARKET_EXIT,20250224,39.13
300766,SELL,20250228,53.33,300,-3.9272203206629435,MARKET_EXIT,20250224,55.51
600126,BUY,20250310,11.55,1400,0.0,REBALANCE,20250310,11.55
603300,BUY,20250310,12.03,1400,0.0,REBALANCE,20250310,12.03
002369,BUY,20250310,13.91,1200,0.0,REBALANCE,20250310,13.91
601177,BUY,20250310,22.0,700,0.0,REBALANCE,20250310,22.0
603881,BUY,20250310,38.0,400,0.0,REBALANCE,20250310,38.0
688393,BUY,20250310,45.0,300,0.0,REBALANCE,20250310,45.0
605208,BUY,20250310,15.9,1000,0.0,REBALANCE,20250310,15.9
301382,BUY,20250310,61.38,200,0.0,REBALANCE,20250310,61.38
300153,BUY,20250310,37.01,400,0.0,REBALANCE,20250310,37.01
301396,BUY,20250310,78.0,200,0.0,REBALANCE,20250310,78.0
002276,BUY,20250310,17.12,900,0.0,REBALANCE,20250310,17.12
600590,BUY,20250310,11.5,1400,0.0,REBALANCE,20250310,11.5
600289,BUY,20250310,5.87,2900,0.0,REBALANCE,20250310,5.87
002929,BUY,20250310,60.8,200,0.0,REBALANCE,20250310,60.8
300611,BUY,20250310,24.3,700,0.0,REBALANCE,20250310,24.3
601177,SELL,20250310,21.57,700,-1.9545454545454533,TRAILING_STOP,20250310,22.0
002276,SELL,20250310,17.21,900,0.5257009345794383,TRAILING_STOP,20250310,17.12
300611,SELL,20250310,22.98,700,-5.4320987654321,TRAILING_STOP,20250310,24.3
688393,SELL,20250311,41.0,300,-8.88888888888889,STOP_LOSS,20250310,45.0
605208,SELL,20250311,15.87,1000,-0.18867924528302601,TRAILING_STOP,20250310,15.9
603300,SELL,20250312,12.43,1400,3.3250207813798864,TRAILING_STOP,20250310,12.03
603881,SELL,20250312,39.75,400,4.605263157894736,TRAILING_STOP,20250310,38.0
301382,SELL,20250312,58.34,200,-4.952753339850113,TRAILING_STOP,20250310,61.38
300153,SELL,20250312,46.7,400,26.182112942448,TRAILING_STOP,20250310,37.01
600590,SELL,20250312,11.49,1400,-0.08695652173912859,TRAILING_STOP,20250310,11.5
002929,SELL,20250312,63.1,200,3.782894736842112,TRAILING_STOP,20250310,60.8
002369,SELL,20250313,12.4,1200,-10.855499640546368,STOP_LOSS,20250310,13.91
600126,SELL,20250314,13.08,1400,13.24675324675324,TRAILING_STOP,20250310,11.55
301396,SELL,20250314,77.7,200,-0.384615384615381,TRAILING_STOP,20250310,78.0
600289,SELL,20250314,7.18,2900,22.316865417376484,REBALANCE,20250310,5.87
300738,BUY,20250317,26.88,600,0.0,REBALANCE,20250317,26.88
002105,BUY,20250317,13.0,1300,0.0,REBALANCE,20250317,13.0
601177,BUY,20250317,19.08,900,0.0,REBALANCE,20250317,19.08
000678,BUY,20250317,13.08,1300,0.0,REBALANCE,20250317,13.08
000880,BUY,20250317,38.2,400,0.0,REBALANCE,20250317,38.2
605208,BUY,20250317,16.66,1000,0.0,REBALANCE,20250317,16.66
300153,BUY,20250317,45.55,300,0.0,REBALANCE,20250317,45.55
301396,BUY,20250317,77.0,200,0.0,REBALANCE,20250317,77.0
605100,BUY,20250317,27.8,600,0.0,REBALANCE,20250317,27.8
002276,BUY,20250317,16.49,1000,0.0,REBALANCE,20250317,16.49
600590,BUY,20250317,11.9,1400,0.0,REBALANCE,20250317,11.9
002093,BUY,20250317,13.56,1200,0.0,REBALANCE,20250317,13.56
600539,BUY,20250317,13.52,1200,0.0,REBALANCE,20250317,13.52
688519,BUY,20250317,41.0,400,0.0,REBALANCE,20250317,41.0
300611,BUY,20250317,29.41,500,0.0,REBALANCE,20250317,29.41
002105,SELL,20250317,11.69,1300,-10.07692307692308,STOP_LOSS,20250317,13.0
000880,SELL,20250317,39.78,400,4.1361256544502565,TRAILING_STOP,20250317,38.2
301396,SELL,20250317,80.1,200,4.025974025974018,TRAILING_STOP,20250317,77.0
605100,SELL,20250317,27.57,600,-0.8273381294964044,TRAILING_STOP,20250317,27.8
600590,SELL,20250317,10.94,1400,-8.06722689075631,STOP_LOSS,20250317,11.9
002093,SELL,20250318,13.13,1200,-3.1710914454277264,TRAILING_STOP,20250317,13.56
300611,SELL,20250318,33.15,500,12.71676300578034,TRAILING_STOP,20250317,29.41
300738,SELL,20250319,26.21,600,-2.492559523809517,TRAILING_STOP,20250317,26.88
600539,SELL,20250319,12.4,1200,-8.284023668639048,STOP_LOSS,20250317,13.52
688519,SELL,20250319,35.55,400,-13.292682926829274,STOP_LOSS,20250317,41.0
300153,SELL,20250320,40.54,300,-10.998902305159163,STOP_LOSS,20250317,45.55
002276,SELL,20250320,18.15,1000,10.06670709520922,TRAILING_STOP,20250317,16.49
601177,SELL,20250321,19.66,900,3.039832285115314,TRAILING_STOP,20250317,19.08
000678,SELL,20250321,17.01,1300,30.045871559633035,TRAILING_STOP,20250317,13.08
605208,SELL,20250321,15.35,1000,-7.863145258103245,TRAILING_STOP,20250317,16.66
002278,BUY,20250324,11.18,1500,0.0,REBALANCE,20250324,11.18
601020,BUY,20250324,25.57,600,0.0,REBALANCE,20250324,25.57
002342,BUY,20250324,6.39,2700,0.0,REBALANCE,20250324,6.39
002164,BUY,20250324,10.26,1600,0.0,REBALANCE,20250324,10.26
300810,BUY,20250324,43.0,400,0.0,REBALANCE,20250324,43.0
001256,BUY,20250324,30.31,500,0.0,REBALANCE,20250324,30.31
000678,BUY,20250324,15.31,1100,0.0,REBALANCE,20250324,15.31
605208,BUY,20250324,14.48,1200,0.0,REBALANCE,20250324,14.48
300961,BUY,20250324,22.07,700,0.0,REBALANCE,20250324,22.07
002196,BUY,20250324,10.71,1600,0.0,REBALANCE,20250324,10.71
002276,BUY,20250324,16.55,1000,0.0,REBALANCE,20250324,16.55
600289,BUY,20250324,9.64,1800,0.0,REBALANCE,20250324,9.64
603677,BUY,20250324,25.12,600,0.0,REBALANCE,20250324,25.12
300611,BUY,20250324,29.56,500,0.0,REBALANCE,20250324,29.56
300819,BUY,20250324,27.86,600,0.0,REBALANCE,20250324,27.86
601020,SELL,20250324,23.38,600,-8.564724286272982,STOP_LOSS,20250324,25.57
001256,SELL,20250324,29.75,500,-1.8475750577367163,TRAILING_STOP,20250324,30.31
002276,SELL,20250324,16.38,1000,-1.0271903323262943,TRAILING_STOP,20250324,16.55
300819,SELL,20250324,27.85,600,-0.03589375448671217,TRAILING_STOP,20250324,27.86
002164,SELL,20250325,9.23,1600,-10.038986354775822,STOP_LOSS,20250324,10.26
300810,SELL,20250325,34.8,400,-19.06976744186047,STOP_LOSS,20250324,43.0
000678,SELL,20250325,13.8,1100,-9.862834748530371,STOP_LOSS,20250324,15.31
605208,SELL,20250325,13.06,1200,-9.806629834254142,STOP_LOSS,20250324,14.48
300961,SELL,20250325,20.4,700,-7.566832804712287,TRAILING_STOP,20250324,22.07
002196,SELL,20250325,9.36,1600,-12.605042016806737,STOP_LOSS,20250324,10.71
600289,SELL,20250325,8.51,1800,-11.72199170124482,STOP_LOSS,20250324,9.64
603677,SELL,20250325,22.61,600,-9.992038216560516,STOP_LOSS,20250324,25.12
300611,SELL,20250325,27.3,500,-7.645466847090657,TRAILING_STOP,20250324,29.56
002278,SELL,20250327,10.4,1500,-6.976744186046506,TRAILING_STOP,20250324,11.18
002342,SELL,20250328,6.65,2700,4.068857589984361,MARKET_EXIT,20250324,6.39
300723,BUY,20250414,36.0,400,0.0,REBALANCE,20250414,36.0
601008,BUY,20250414,6.86,2300,0.0,REBALANCE,20250414,6.86
002688,BUY,20250414,6.89,2300,0.0,REBALANCE,20250414,6.89
300100,BUY,20250414,67.88,200,0.0,REBALANCE,20250414,67.88
300967,BUY,20250414,21.6,700,0.0,REBALANCE,20250414,21.6
301156,BUY,20250414,23.48,600,0.0,REBALANCE,20250414,23.48
002570,BUY,20250414,6.84,2300,0.0,REBALANCE,20250414,6.84
603169,BUY,20250414,9.42,1700,0.0,REBALANCE,20250414,9.42
600610,BUY,20250414,9.17,1700,0.0,REBALANCE,20250414,9.17
300871,BUY,20250414,27.6,500,0.0,REBALANCE,20250414,27.6
002549,BUY,20250414,10.3,1500,0.0,REBALANCE,20250414,10.3
300995,BUY,20250414,32.26,400,0.0,REBALANCE,20250414,32.26
301256,BUY,20250414,13.32,1200,0.0,REBALANCE,20250414,13.32
002165,BUY,20250414,7.78,2000,0.0,REBALANCE,20250414,7.78
001212,BUY,20250414,50.92,300,0.0,REBALANCE,20250414,50.92
300723,SELL,20250415,39.3,400,9.166666666666659,TRAILING_STOP,20250414,36.0
601008,SELL,20250415,5.93,2300,-13.556851311953361,STOP_LOSS,20250414,6.86
002688,SELL,20250415,7.22,2300,4.789550072568942,TRAILING_STOP,20250414,6.89
301156,SELL,20250415,23.2,600,-1.1925042589437866,TRAILING_STOP,20250414,23.48
002570,SELL,20250415,6.64,2300,-2.9239766081871372,TRAILING_STOP,20250414,6.84
300871,SELL,20250415,26.01,500,-5.760869565217391,TRAILING_STOP,20250414,27.6
002549,SELL,20250415,9.11,1500,-11.553398058252439,STOP_LOSS,20250414,10.3
300967,SELL,20250416,22.07,700,2.1759259259259203,TRAILING_STOP,20250414,21.6
300995,SELL,20250416,29.12,400,-9.73341599504029,STOP_LOSS,20250414,32.26
301256,SELL,20250416,13.12,1200,-1.5015015015015094,TRAILING_STOP,20250414,13.32
001212,SELL,20250416,52.01,300,2.1406127258444543,TRAILING_STOP,20250414,50.92
300100,SELL,20250417,69.6,200,2.5338833235120783,TRAILING_STOP,20250414,67.88
600610,SELL,20250417,11.18,1700,21.919302071973824,TRAILING_STOP,20250414,9.17
603169,SELL,20250418,8.51,1700,-9.660297239915076,STOP_LOSS,20250414,9.42
300723,BUY,20250421,37.23,400,0.0,REBALANCE,20250421,37.23
603169,BUY,20250421,8.36,1900,0.0,REBALANCE,20250421,8.36
300967,BUY,20250421,20.15,800,0.0,REBALANCE,20250421,20.15
605188,BUY,20250421,13.79,1100,0.0,REBALANCE,20250421,13.79
301156,BUY,20250421,20.75,700,0.0,REBALANCE,20250421,20.75
600610,BUY,20250421,11.25,1400,0.0,REBALANCE,20250421,11.25
300963,BUY,20250421,15.4,1000,0.0,REBALANCE,20250421,15.4
300927,BUY,20250421,27.97,500,0.0,REBALANCE,20250421,27.97
600988,BUY,20250421,29.32,500,0.0,REBALANCE,20250421,29.32
002549,BUY,20250421,9.22,1700,0.0,REBALANCE,20250421,9.22
601086,BUY,20250421,12.05,1300,0.0,REBALANCE,20250421,12.05
600644,BUY,20250421,10.55,1500,0.0,REBALANCE,20250421,10.55
002427,BUY,20250421,6.69,2400,0.0,REBALANCE,20250421,6.69
001212,BUY,20250421,49.0,300,0.0,REBALANCE,20250421,49.0
002165,SELL,20250421,12.09,2000,55.398457583547554,TRAILING_STOP,20250414,7.78
603169,SELL,20250421,7.66,1900,-8.373205741626787,STOP_LOSS,20250421,8.36
600610,SELL,20250422,10.8,1400,-3.999999999999994,TRAILING_STOP,20250421,11.25
300963,SELL,20250422,15.55,1000,0.9740259740259762,TRAILING_STOP,20250421,15.4
300927,SELL,20250422,25.91,500,-7.365033964962456,TRAILING_STOP,20250421,27.97
002427,SELL,20250422,7.13,2400,6.57698056801195,TRAILING_STOP,20250421,6.69
605188,SELL,20250423,14.35,1100,4.0609137055837605,TRAILING_STOP,20250421,13.79
600988,SELL,20250423,28.17,500,-3.922237380627553,TRAILING_STOP,20250421,29.32
002549,SELL,20250423,10.25,1700,11.171366594360078,TRAILING_STOP,20250421,9.22
601086,SELL,20250423,12.65,1300,4.9792531120331915,TRAILING_STOP,20250421,12.05
600644,SELL,20250423,11.69,1500,10.805687203791457,TRAILING_STOP,20250421,10.55
001212,SELL,20250423,55.9,300,14.081632653061222,TRAILING_STOP,20250421,49.0
300723,SELL,20250424,38.17,400,2.5248455546602337,TRAILING_STOP,20250421,37.23
301156,SELL,20250425,19.8,700,-4.578313253012045,REBALANCE,20250421,20.75
300967,SELL,20250425,19.2,800,-4.714640198511163,REBALANCE,20250421,20.15
300723,BUY,20250428,37.0,400,0.0,REBALANCE,20250428,37.0
300204,BUY,20250428,11.19,1400,0.0,REBALANCE,20250428,11.19
002165,BUY,20250428,11.47,1400,0.0,REBALANCE,20250428,11.47
605188,BUY,20250428,11.8,1400,0.0,REBALANCE,20250428,11.8
603696,BUY,20250428,13.42,1200,0.0,REBALANCE,20250428,13.42
003003,BUY,20250428,16.01,1000,0.0,REBALANCE,20250428,16.01
002251,BUY,20250428,7.51,2200,0.0,REBALANCE,20250428,7.51
603086,BUY,20250428,8.4,1900,0.0,REBALANCE,20250428,8.4
300963,BUY,20250428,18.8,800,0.0,REBALANCE,20250428,18.8
000965,BUY,20250428,4.83,3400,0.0,REBALANCE,20250428,4.83
002289,BUY,20250428,8.58,1900,0.0,REBALANCE,20250428,8.58
601086,BUY,20250428,11.71,1400,0.0,REBALANCE,20250428,11.71
600644,BUY,20250428,14.12,1100,0.0,REBALANCE,20250428,14.12
001212,BUY,20250428,55.13,300,0.0,REBALANCE,20250428,55.13
600505,BUY,20250428,20.18,800,0.0,REBALANCE,20250428,20.18
003003,SELL,20250428,15.36,1000,-4.059962523422874,TRAILING_STOP,20250428,16.01
002251,SELL,20250428,6.75,2200,-10.119840213049265,STOP_LOSS,20250428,7.51
300963,SELL,20250428,17.2,800,-8.510638297872347,STOP_LOSS,20250428,18.8
601086,SELL,20250428,11.28,1400,-3.672075149444931,TRAILING_STOP,20250428,11.71
603696,SELL,20250429,16.26,1200,21.1624441132638,TRAILING_STOP,20250428,13.42
000965,SELL,20250429,4.08,3400,-15.527950310559005,STOP_LOSS,20250428,4.83
600644,SELL,20250429,12.15,1100,-13.951841359773365,STOP_LOSS,20250428,14.12
600505,SELL,20250429,17.14,800,-15.064420218037657,STOP_LOSS,20250428,20.18
002165,SELL,20250430,12.44,1400,8.456843940714897,TRAILING_STOP,20250428,11.47
605188,SELL,20250430,10.1,1400,-14.406779661016959,STOP_LOSS,20250428,11.8
001212,SELL,20250430,54.36,300,-1.3966987121349594,TRAILING_STOP,20250428,55.13
300723,SELL,20250507,37.37,400,0.9999999999999931,TRAILING_STOP,20250428,37.0
603086,SELL,20250508,9.78,1900,16.428571428571416,TRAILING_STOP,20250428,8.4
300204,SELL,20250509,11.01,1400,-1.6085790884718474,TRAILING_STOP,20250428,11.19
002289,SELL,20250509,10.95,1900,27.622377622377613,REBALANCE,20250428,8.58
688552,BUY,20250512,32.41,500,0.0,REBALANCE,20250512,32.41
688313,BUY,20250512,30.0,500,0.0,REBALANCE,20250512,30.0
001316,BUY,20250512,46.1,300,0.0,REBALANCE,20250512,46.1
603086,BUY,20250512,9.69,1600,0.0,REBALANCE,20250512,9.69
002915,BUY,20250512,22.26,700,0.0,REBALANCE,20250512,22.26
688722,BUY,20250512,24.22,600,0.0,REBALANCE,20250512,24.22
300918,BUY,20250512,23.0,700,0.0,REBALANCE,20250512,23.0
002809,BUY,20250512,13.86,1100,0.0,REBALANCE,20250512,13.86
603657,BUY,20250512,24.7,600,0.0,REBALANCE,20250512,24.7
688280,BUY,20250512,7.87,2000,0.0,REBALANCE,20250512,7.87
301317,BUY,20250512,28.63,500,0.0,REBALANCE,20250512,28.63
601086,BUY,20250512,11.5,1400,0.0,REBALANCE,20250512,11.5
600592,BUY,20250512,27.98,500,0.0,REBALANCE,20250512,27.98
000565,BUY,20250512,8.37,1900,0.0,REBALANCE,20250512,8.37
300879,BUY,20250512,38.21,400,0.0,REBALANCE,20250512,38.21
001316,SELL,20250512,48.66,300,5.553145336225586,TRAILING_STOP,20250512,46.1
688722,SELL,20250512,24.99,600,3.179190751445085,TRAILING_STOP,20250512,24.22
688552,SELL,20250513,40.08,500,23.665535328602292,TRAILING_STOP,20250512,32.41
603657,SELL,20250513,25.8,600,4.453441295546565,TRAILING_STOP,20250512,24.7
600592,SELL,20250513,27.61,500,-1.3223731236597605,TRAILING_STOP,20250512,27.98
002809,SELL,20250514,17.31,1100,24.891774891774887,TRAILING_STOP,20250512,13.86
301317,SELL,20250514,41.45,500,44.77820468040519,TRAILING_STOP,20250512,28.63
300879,SELL,20250514,43.61,400,14.132426066474741,TRAILING_STOP,20250512,38.21
603086,SELL,20250515,8.82,1600,-8.978328173374607,STOP_LOSS,20250512,9.69
002915,SELL,20250515,20.34,700,-8.625336927223728,STOP_LOSS,20250512,22.26
688280,SELL,20250515,7.71,2000,-2.0330368487928863,TRAILING_STOP,20250512,7.87
601086,SELL,20250515,13.1,1400,13.913043478260867,TRAILING_STOP,20250512,11.5
688313,SELL,20250516,31.48,500,4.9333333333333345,MARKET_EXIT,20250512,30.0
300918,SELL,20250516,22.5,700,-2.1739130434782608,MARKET_EXIT,20250512,23.0
000565,SELL,20250516,14.01,1900,67.38351254480288,MARKET_EXIT,20250512,8.37
301137,BUY,20250603,34.97,500,0.0,REBALANCE,20250603,34.97
601579,BUY,20250603,25.0,700,0.0,REBALANCE,20250603,25.0
300204,BUY,20250603,26.5,600,0.0,REBALANCE,20250603,26.5
603011,BUY,20250603,19.42,900,0.0,REBALANCE,20250603,19.42
688648,BUY,20250603,68.2,200,0.0,REBALANCE,20250603,68.2
002735,BUY,20250603,17.7,1000,0.0,REBALANCE,20250603,17.7
603390,BUY,20250603,17.51,1000,0.0,REBALANCE,20250603,17.51
300963,BUY,20250603,29.93,600,0.0,REBALANCE,20250603,29.93
002190,BUY,20250603,34.0,500,0.0,REBALANCE,20250603,34.0
603900,BUY,20250603,11.97,1500,0.0,REBALANCE,20250603,11.97
300255,BUY,20250603,35.8,500,0.0,REBALANCE,20250603,35.8
603332,BUY,20250603,16.22,1100,0.0,REBALANCE,20250603,16.22
605136,BUY,20250603,13.0,1400,0.0,REBALANCE,20250603,13.0
002471,BUY,20250603,5.45,3300,0.0,REBALANCE,20250603,5.45
688336,BUY,20250603,57.32,300,0.0,REBALANCE,20250603,57.32
603390,SELL,20250603,16.71,1000,-4.568817818389495,TRAILING_STOP,20250603,17.51
002471,SELL,20250603,5.53,3300,1.467889908256882,TRAILING_STOP,20250603,5.45
688336,SELL,20250603,58.6,300,2.233077459874391,TRAILING_STOP,20250603,57.32
301137,SELL,20250604,33.73,500,-3.545896482699463,TRAILING_STOP,20250603,34.97
688648,SELL,20250604,61.9,200,-9.237536656891502,STOP_LOSS,20250603,68.2
300963,SELL,20250604,30.5,600,1.9044437019712674,TRAILING_STOP,20250603,29.93
601579,SELL,20250605,22.33,700,-10.680000000000007,STOP_LOSS,20250603,25.0
300204,SELL,20250605,30.5,600,15.09433962264151,TRAILING_STOP,20250603,26.5
603900,SELL,20250605,11.74,1500,-1.9214703425229775,TRAILING_STOP,20250603,11.97
300255,SELL,20250605,37.71,500,5.335195530726268,TRAILING_STOP,20250603,35.8
603332,SELL,20250605,15.64,1100,-3.575832305795304,TRAILING_STOP,20250603,16.22
603011,SELL,20250606,17.0,900,-12.46138002059733,STOP_LOSS,20250603,19.42
002190,SELL,20250606,37.0,500,8.823529411764707,TRAILING_STOP,20250603,34.0
605136,SELL,20250606,13.06,1400,0.4615384615384654,REBALANCE,20250603,13.0
300584,BUY,20250609,36.0,500,0.0,REBALANCE,20250609,36.0
300204,BUY,20250609,29.44,600,0.0,REBALANCE,20250609,29.44
605099,BUY,20250609,39.0,400,0.0,REBALANCE,20250609,39.0
002250,BUY,20250609,13.4,1300,0.0,REBALANCE,20250609,13.4
605388,BUY,20250609,10.45,1700,0.0,REBALANCE,20250609,10.45
300963,BUY,20250609,22.3,800,0.0,REBALANCE,20250609,22.3
600468,BUY,20250609,7.95,2200,0.0,REBALANCE,20250609,7.95
300945,BUY,20250609,22.93,700,0.0,REBALANCE,20250609,22.93
002190,BUY,20250609,36.11,400,0.0,REBALANCE,20250609,36.11
300255,BUY,20250609,44.46,400,0.0,REBALANCE,20250609,44.46
002365,BUY,20250609,20.49,800,0.0,REBALANCE,20250609,20.49
300651,BUY,20250609,30.5,500,0.0,REBALANCE,20250609,30.5
300368,BUY,20250609,11.1,1600,0.0,REBALANCE,20250609,11.1
688336,BUY,20250609,61.39,200,0.0,REBALANCE,20250609,61.39
300584,SELL,20250610,42.27,500,17.416666666666675,TRAILING_STOP,20250609,36.0
300204,SELL,20250610,31.9,600,8.355978260869556,TRAILING_STOP,20250609,29.44
605388,SELL,20250610,11.5,1700,10.047846889952162,TRAILING_STOP,20250609,10.45
300963,SELL,20250610,25.04,800,12.28699551569506,TRAILING_STOP,20250609,22.3
300255,SELL,20250610,50.45,400,13.47278452541611,TRAILING_STOP,20250609,44.46
300651,SELL,20250610,34.05,500,11.639344262295074,TRAILING_STOP,20250609,30.5
300368,SELL,20250610,12.8,1600,15.315315315315326,TRAILING_STOP,20250609,11.1
688336,SELL,20250610,63.52,200,3.469620459358206,TRAILING_STOP,20250609,61.39
002735,SELL,20250611,15.92,1000,-10.056497175141239,STOP_LOSS,20250603,17.7
605099,SELL,20250611,44.63,400,14.435897435897443,TRAILING_STOP,20250609,39.0
002250,SELL,20250611,13.32,1300,-0.5970149253731348,TRAILING_STOP,20250609,13.4
600468,SELL,20250611,8.68,2200,9.182389937106912,TRAILING_STOP,20250609,7.95
300945,SELL,20250611,25.65,700,11.862189271696463,TRAILING_STOP,20250609,22.93
002365,SELL,20250611,20.86,800,1.8057589067838018,TRAILING_STOP,20250609,20.49
002190,SELL,20250613,36.72,400,1.6892827471614495,MARKET_EXIT,20250609,36.11
002235,BUY,20250630,10.19,1900,0.0,REBALANCE,20250630,10.19
300340,BUY,20250630,19.04,1000,0.0,REBALANCE,20250630,19.04
301357,BUY,20250630,77.88,200,0.0,REBALANCE,20250630,77.88
300468,BUY,20250630,46.55,400,0.0,REBALANCE,20250630,46.55
002951,BUY,20250630,14.3,1300,0.0,REBALANCE,20250630,14.3
300591,BUY,20250630,11.06,1700,0.0,REBALANCE,20250630,11.06
002846,BUY,20250630,19.44,900,0.0,REBALANCE,20250630,19.44
600110,BUY,20250630,6.77,2800,0.0,REBALANCE,20250630,6.77
601606,BUY,20250630,26.35,700,0.0,REBALANCE,20250630,26.35
600113,BUY,20250630,26.82,700,0.0,REBALANCE,20250630,26.82
002104,BUY,20250630,19.0,1000,0.0,REBALANCE,20250630,19.0
003040,BUY,20250630,22.91,800,0.0,REBALANCE,20250630,22.91
300368,BUY,20250630,11.6,1600,0.0,REBALANCE,20250630,11.6
002882,BUY,20250630,37.4,500,0.0,REBALANCE,20250630,37.4
002940,BUY,20250630,33.97,500,0.0,REBALANCE,20250630,33.97
300591,SELL,20250630,11.25,1700,1.7179023508137388,TRAILING_STOP,20250630,11.06
300340,SELL,20250701,19.57,1000,2.7836134453781574,TRAILING_STOP,20250630,19.04
301357,SELL,20250701,88.06,200,13.071391884951217,TRAILING_STOP,20250630,77.88
300468,SELL,20250701,45.67,400,-1.8904403866809785,TRAILING_STOP,20250630,46.55
002951,SELL,20250701,13.76,1300,-3.7762237762237825,TRAILING_STOP,20250630,14.3
002104,SELL,20250701,19.12,1000,0.6315789473684263,TRAILING_STOP,20250630,19.0
002882,SELL,20250701,35.98,500,-3.796791443850272,TRAILING_STOP,20250630,37.4
002235,SELL,20250702,10.49,1900,2.944062806673216,TRAILING_STOP,20250630,10.19
002846,SELL,20250702,16.34,900,-15.946502057613174,STOP_LOSS,20250630,19.44
600110,SELL,20250702,5.77,2800,-14.771048744460858,STOP_LOSS,20250630,6.77
601606,SELL,20250702,29.6,700,12.333965844402277,TRAILING_STOP,20250630,26.35
003040,SELL,20250702,22.72,800,-0.8293321693583643,TRAILING_STOP,20250630,22.91
600113,SELL,20250703,28.0,700,4.399701715137955,TRAILING_STOP,20250630,26.82
002940,SELL,20250703,44.92,500,32.234324403885786,TRAILING_STOP,20250630,33.97
300368,SELL,20250704,11.59,1600,-0.0862068965517223,TRAILING_STOP,20250630,11.6
603316,BUY,20250707,11.28,1700,0.0,REBALANCE,20250707,11.28
300204,BUY,20250707,44.79,400,0.0,REBALANCE,20250707,44.79
300649,BUY,20250707,19.99,900,0.0,REBALANCE,20250707,19.99
300468,BUY,20250707,47.0,400,0.0,REBALANCE,20250707,47.0
300591,BUY,20250707,11.48,1700,0.0,REBALANCE,20250707,11.48
688520,BUY,20250707,85.19,200,0.0,REBALANCE,20250707,85.19
301176,BUY,20250707,31.5,600,0.0,REBALANCE,20250707,31.5
601606,BUY,20250707,28.15,600,0.0,REBALANCE,20250707,28.15
603256,BUY,20250707,18.36,1000,0.0,REBALANCE,20250707,18.36
002579,BUY,20250707,15.54,1200,0.0,REBALANCE,20250707,15.54
300581,BUY,20250707,20.3,900,0.0,REBALANCE,20250707,20.3
600113,BUY,20250707,28.81,600,0.0,REBALANCE,20250707,28.81
002365,BUY,20250707,29.88,600,0.0,REBALANCE,20250707,29.88
002104,BUY,20250707,19.99,900,0.0,REBALANCE,20250707,19.99
002940,BUY,20250707,43.1,400,0.0,REBALANCE,20250707,43.1
300204,SELL,20250707,44.12,400,-1.4958696137530738,TRAILING_STOP,20250707,44.79
300649,SELL,20250707,22.3,900,11.555777888944485,TRAILING_STOP,20250707,19.99
300591,SELL,20250707,11.73,1700,2.1777003484320554,TRAILING_STOP,20250707,11.48
301176,SELL,20250707,31.61,600,0.3492063492063474,TRAILING_STOP,20250707,31.5
603316,SELL,20250708,10.04,1700,-10.992907801418442,STOP_LOSS,20250707,11.28
002365,SELL,20250708,28.8,600,-3.6144578313252955,TRAILING_STOP,20250707,29.88
688520,SELL,20250709,77.0,200,-9.613804437140507,STOP_LOSS,20250707,85.19
601606,SELL,20250709,28.43,600,0.9946714031971622,TRAILING_STOP,20250707,28.15
300581,SELL,20250709,20.97,900,3.3004926108374293,TRAILING_STOP,20250707,20.3
002940,SELL,20250709,39.64,400,-8.027842227378192,STOP_LOSS,20250707,43.1
300468,SELL,20250710,44.14,400,-6.085106382978722,TRAILING_STOP,20250707,47.0
603256,SELL,20250710,22.03,1000,19.989106753812646,TRAILING_STOP,20250707,18.36
002579,SELL,20250710,13.3,1200,-14.414414414414406,STOP_LOSS,20250707,15.54
688313,BUY,20250714,42.9,400,0.0,REBALANCE,20250714,42.9
300600,BUY,20250714,17.0,1100,0.0,REBALANCE,20250714,17.0
300591,BUY,20250714,11.32,1700,0.0,REBALANCE,20250714,11.32
600475,BUY,20250714,15.5,1200,0.0,REBALANCE,20250714,15.5
600744,BUY,20250714,8.26,2300,0.0,REBALANCE,20250714,8.26
301176,BUY,20250714,34.62,500,0.0,REBALANCE,20250714,34.62
603256,BUY,20250714,21.31,900,0.0,REBALANCE,20250714,21.31
601606,BUY,20250714,28.13,600,0.0,REBALANCE,20250714,28.13
002623,BUY,20250714,26.75,700,0.0,REBALANCE,20250714,26.75
603716,BUY,20250714,25.7,700,0.0,REBALANCE,20250714,25.7
688221,BUY,20250714,17.69,1100,0.0,REBALANCE,20250714,17.69
300436,BUY,20250714,62.51,300,0.0,REBALANCE,20250714,62.51
301217,BUY,20250714,19.02,1000,0.0,REBALANCE,20250714,19.02
600113,SELL,20250714,29.12,600,1.076015272474843,TRAILING_STOP,20250707,28.81
002104,SELL,20250714,22.2,900,11.055527763881946,TRAILING_STOP,20250707,19.99
603716,SELL,20250714,24.89,700,-3.151750972762641,TRAILING_STOP,20250714,25.7
300436,SELL,20250714,62.51,300,0.0,TRAILING_STOP,20250714,62.51
301217,SELL,20250714,20.1,1000,5.678233438485814,TRAILING_STOP,20250714,19.02
600475,SELL,20250715,15.04,1200,-2.9677419354838768,TRAILING_STOP,20250714,15.5
600744,SELL,20250715,8.25,2300,-0.12106537530266086,TRAILING_STOP,20250714,8.26
301176,SELL,20250715,35.03,500,1.1842865395725122,TRAILING_STOP,20250714,34.62
002623,SELL,20250715,25.78,700,-3.626168224299061,TRAILING_STOP,20250714,26.75
688221,SELL,20250715,17.63,1100,-0.339174674957616,TRAILING_STOP,20250714,17.69
688313,SELL,20250716,47.01,400,9.580419580419578,TRAILING_STOP,20250714,42.9
300591,SELL,20250718,12.17,1700,7.508833922261481,TRAILING_STOP,20250714,11.32
300600,SELL,20250718,15.89,1100,-6.52941176470588,REBALANCE,20250714,17.0
605500,BUY,20250721,12.17,1600,0.0,REBALANCE,20250721,12.17
688321,BUY,20250721,35.95,500,0.0,REBALANCE,20250721,35.95
688202,BUY,20250721,58.1,300,0.0,REBALANCE,20250721,58.1
300591,BUY,20250721,12.06,1600,0.0,REBALANCE,20250721,12.06
300950,BUY,20250721,32.41,600,0.0,REBALANCE,20250721,32.41
688520,BUY,20250721,83.25,200,0.0,REBALANCE,20250721,83.25
600744,BUY,20250721,7.89,2400,0.0,REBALANCE,20250721,7.89
601003,BUY,20250721,6.31,3100,0.0,REBALANCE,20250721,6.31
688221,BUY,20250721,21.1,900,0.0,REBALANCE,20250721,21.1
603716,BUY,20250721,23.7,800,0.0,REBALANCE,20250721,23.7
300436,BUY,20250721,68.5,200,0.0,REBALANCE,20250721,68.5
301217,BUY,20250721,21.64,900,0.0,REBALANCE,20250721,21.64
002940,BUY,20250721,49.6,300,0.0,REBALANCE,20250721,49.6
603256,SELL,20250721,21.41,900,0.4692632566870081,TRAILING_STOP,20250714,21.31
605500,SELL,20250721,12.17,1600,0.0,TRAILING_STOP,20250721,12.17
688221,SELL,20250721,22.2,900,5.213270142180084,TRAILING_STOP,20250721,21.1
300950,SELL,20250722,29.62,600,-8.60845418080838,STOP_LOSS,20250721,32.41
603716,SELL,20250722,25.88,800,9.198312236286919,TRAILING_STOP,20250721,23.7
300436,SELL,20250722,69.42,200,1.3430656934306595,TRAILING_STOP,20250721,68.5
002940,SELL,20250722,55.36,300,11.612903225806448,TRAILING_STOP,20250721,49.6
601606,SELL,20250723,29.66,600,5.439033060789197,TRAILING_STOP,20250714,28.13
688202,SELL,20250723,64.59,300,11.170395869191054,TRAILING_STOP,20250721,58.1
300591,SELL,20250723,11.62,1600,-3.6484245439469425,TRAILING_STOP,20250721,12.06
301217,SELL,20250723,19.53,900,-9.75046210720887,STOP_LOSS,20250721,21.64
688520,SELL,20250725,76.36,200,-8.276276276276278,STOP_LOSS,20250721,83.25
601003,SELL,20250725,7.34,3100,16.32329635499208,TRAILING_STOP,20250721,6.31
688321,SELL,20250725,33.69,500,-6.2865090403338115,REBALANCE,20250721,35.95
600744,SELL,20250725,7.27,2400,-7.858048162230673,REBALANCE,20250721,7.89
688313,BUY,20250728,55.26,300,0.0,REBALANCE,20250728,55.26
688202,BUY,20250728,63.14,300,0.0,REBALANCE,20250728,63.14
000657,BUY,20250728,18.58,1000,0.0,REBALANCE,20250728,18.58
688585,BUY,20250728,64.0,300,0.0,REBALANCE,20250728,64.0
002645,BUY,20250728,14.74,1300,0.0,REBALANCE,20250728,14.74
301217,BUY,20250728,21.01,900,0.0,REBALANCE,20250728,21.01
600326,BUY,20250728,14.77,1300,0.0,REBALANCE,20250728,14.77
688166,BUY,20250728,101.27,100,0.0,REBALANCE,20250728,101.27
601003,BUY,20250728,7.06,2700,0.0,REBALANCE,20250728,7.06
688221,BUY,20250728,19.52,1000,0.0,REBALANCE,20250728,19.52
603716,BUY,20250728,29.99,600,0.0,REBALANCE,20250728,29.99
300436,BUY,20250728,77.5,200,0.0,REBALANCE,20250728,77.5
300683,BUY,20250728,44.0,400,0.0,REBALANCE,20250728,44.0
600392,BUY,20250728,22.35,800,0.0,REBALANCE,20250728,22.35
002940,BUY,20250728,54.53,300,0.0,REBALANCE,20250728,54.53
688585,SELL,20250729,84.18,300,31.53125000000001,TRAILING_STOP,20250728,64.0
002645,SELL,20250729,15.6,1300,5.834464043419263,TRAILING_STOP,20250728,14.74
301217,SELL,20250729,26.78,900,27.463112803426938,TRAILING_STOP,20250728,21.01
603716,SELL,20250729,31.62,600,5.435145048349459,TRAILING_STOP,20250728,29.99
300436,SELL,20250729,92.22,200,18.993548387096773,TRAILING_STOP,20250728,77.5
002940,SELL,20250729,56.37,300,3.3742893819915576,TRAILING_STOP,20250728,54.53
688313,SELL,20250730,61.8,300,11.834961997828445,TRAILING_STOP,20250728,55.26
688202,SELL,20250730,62.75,300,-0.6176750079189113,TRAILING_STOP,20250728,63.14
600326,SELL,20250730,17.91,1300,21.259309410968182,TRAILING_STOP,20250728,14.77
688166,SELL,20250730,100.0,100,-1.2540732694776302,TRAILING_STOP,20250728,101.27
601003,SELL,20250730,6.45,2700,-8.640226628895178,STOP_LOSS,20250728,7.06
688221,SELL,20250730,22.22,1000,13.831967213114751,TRAILING_STOP,20250728,19.52
600392,SELL,20250730,22.1,800,-1.1185682326621922,TRAILING_STOP,20250728,22.35
000657,SELL,20250731,16.11,1000,-13.293864370290631,STOP_LOSS,20250728,18.58
300683,SELL,20250801,59.56,400,35.36363636363637,MARKET_EXIT,20250728,44.0
002097,BUY,20250811,18.43,1100,0.0,REBALANCE,20250811,18.43
600749,BUY,20250811,24.2,800,0.0,REBALANCE,20250811,24.2
300885,BUY,20250811,29.3,700,0.0,REBALANCE,20250811,29.3
688110,BUY,20250811,75.0,200,0.0,REBALANCE,20250811,75.0
688660,BUY,20250811,16.88,1200,0.0,REBALANCE,20250811,16.88
300289,BUY,20250811,11.06,1900,0.0,REBALANCE,20250811,11.06
300486,BUY,20250811,16.1,1300,0.0,REBALANCE,20250811,16.1
601606,BUY,20250811,51.88,400,0.0,REBALANCE,20250811,51.88
603226,BUY,20250811,22.8,900,0.0,REBALANCE,20250811,22.8
603367,BUY,20250811,34.35,600,0.0,REBALANCE,20250811,34.35
688585,BUY,20250811,85.8,200,0.0,REBALANCE,20250811,85.8
603516,BUY,20250811,91.34,200,0.0,REBALANCE,20250811,91.34
301200,BUY,20250811,95.0,200,0.0,REBALANCE,20250811,95.0
603280,BUY,20250811,55.68,300,0.0,REBALANCE,20250811,55.68
002017,BUY,20250811,28.95,700,0.0,REBALANCE,20250811,28.95
301200,SELL,20250811,100.0,200,5.263157894736842,TRAILING_STOP,20250811,95.0
300885,SELL,20250812,30.23,700,3.174061433447098,TRAILING_STOP,20250811,29.3
688660,SELL,20250812,19.05,1200,12.855450236966837,TRAILING_STOP,20250811,16.88
300486,SELL,20250812,16.25,1300,0.9316770186335316,TRAILING_STOP,20250811,16.1
603280,SELL,20250812,50.95,300,-8.49497126436781,STOP_LOSS,20250811,55.68
300289,SELL,20250814,10.06,1900,-9.041591320072333,STOP_LOSS,20250811,11.06
601606,SELL,20250814,62.99,400,21.4148033924441,TRAILING_STOP,20250811,51.88
603367,SELL,20250814,31.5,600,-8.296943231441052,STOP_LOSS,20250811,34.35
688585,SELL,20250814,96.69,200,12.692307692307695,TRAILING_STOP,20250811,85.8
002097,SELL,20250815,19.31,1100,4.774823657080842,TRAILING_STOP,20250811,18.43
688110,SELL,20250815,97.18,200,29.57333333333334,TRAILING_STOP,20250811,75.0
002017,SELL,20250815,31.7,700,9.499136442141625,TRAILING_STOP,20250811,28.95
603516,SELL,20250815,115.17,200,26.08933654477775,REBALANCE,20250811,91.34
603226,SELL,20250815,22.45,900,-1.5350877192982517,REBALANCE,20250811,22.8
002097,BUY,20250818,19.02,1100,0.0,REBALANCE,20250818,19.02
603800,BUY,20250818,52.99,400,0.0,REBALANCE,20250818,52.99
300885,BUY,20250818,29.26,700,0.0,REBALANCE,20250818,29.26
301038,BUY,20250818,36.14,600,0.0,REBALANCE,20250818,36.14
688110,BUY,20250818,100.29,200,0.0,REBALANCE,20250818,100.29
688660,BUY,20250818,19.0,1100,0.0,REBALANCE,20250818,19.0
688108,BUY,20250818,36.3,600,0.0,REBALANCE,20250818,36.3
300486,BUY,20250818,20.02,1100,0.0,REBALANCE,20250818,20.02
601606,BUY,20250818,58.5,300,0.0,REBALANCE,20250818,58.5
300539,BUY,20250818,31.5,700,0.0,REBALANCE,20250818,31.5
601929,BUY,20250818,3.92,5700,0.0,REBALANCE,20250818,3.92
603367,BUY,20250818,33.74,600,0.0,REBALANCE,20250818,33.74
688585,BUY,20250818,98.0,200,0.0,REBALANCE,20250818,98.0
600113,BUY,20250818,52.16,400,0.0,REBALANCE,20250818,52.16
603800,SELL,20250818,53.88,400,1.6795621815436885,TRAILING_STOP,20250818,52.99
300539,SELL,20250818,33.0,700,4.761904761904762,TRAILING_STOP,20250818,31.5
600749,SELL,20250819,29.49,800,21.859504132231404,TRAILING_STOP,20250811,24.2
688108,SELL,20250819,40.42,600,11.349862258953182,TRAILING_STOP,20250818,36.3
300486,SELL,20250819,23.03,1100,15.034965034965042,TRAILING_STOP,20250818,20.02
601929,SELL,20250819,3.99,5700,1.785714285714293,TRAILING_STOP,20250818,3.92
688585,SELL,20250819,85.65,200,-12.602040816326523,STOP_LOSS,20250818,98.0
002097,SELL,20250820,17.09,1100,-10.147213459516298,STOP_LOSS,20250818,19.02
688110,SELL,20250820,98.28,200,-2.0041878552198673,TRAILING_STOP,20250818,100.29
601606,SELL,20250820,64.69,300,10.581196581196577,TRAILING_STOP,20250818,58.5
603367,SELL,20250820,30.65,600,-9.15826911677535,STOP_LOSS,20250818,33.74
300885,SELL,20250822,27.79,700,-5.023923444976084,REBALANCE,20250818,29.26
301038,SELL,20250822,34.1,600,-5.64471499723298,REBALANCE,20250818,36.14
688660,SELL,20250822,18.45,1100,-2.894736842105267,REBALANCE,20250818,19.0
300620,BUY,20250825,91.66,200,0.0,REBALANCE,20250825,91.66
301128,BUY,20250825,102.0,200,0.0,REBALANCE,20250825,102.0
688110,BUY,20250825,100.0,200,0.0,REBALANCE,20250825,100.0
600475,BUY,20250825,26.21,800,0.0,REBALANCE,20250825,26.21
688098,BUY,20250825,12.8,1700,0.0,REBALANCE,20250825,12.8
603757,BUY,20250825,50.0,400,0.0,REBALANCE,20250825,50.0
688108,BUY,20250825,32.0,700,0.0,REBALANCE,20250825,32.0
688519,BUY,20250825,72.75,300,0.0,REBALANCE,20250825,72.75
601606,BUY,20250825,62.27,300,0.0,REBALANCE,20250825,62.27
603256,BUY,20250825,44.5,500,0.0,REBALANCE,20250825,44.5
300767,BUY,20250825,26.57,800,0.0,REBALANCE,20250825,26.57
600410,BUY,20250825,22.19,1000,0.0,REBALANCE,20250825,22.19
301217,BUY,20250825,34.6,600,0.0,REBALANCE,20250825,34.6
002046,BUY,20250825,34.0,600,0.0,REBALANCE,20250825,34.0
688110,SELL,20250825,99.0,200,-1.0,TRAILING_STOP,20250825,100.0
600475,SELL,20250825,23.9,800,-8.813429988553995,STOP_LOSS,20250825,26.21
301128,SELL,20250826,103.9,200,1.8627450980392213,TRAILING_STOP,20250825,102.0
688098,SELL,20250826,13.28,1700,3.7499999999999893,TRAILING_STOP,20250825,12.8
688108,SELL,20250826,31.8,700,-0.6249999999999978,TRAILING_STOP,20250825,32.0
688519,SELL,20250826,73.33,300,0.7972508591065269,TRAILING_STOP,20250825,72.75
603256,SELL,20250826,39.65,500,-10.898876404494386,STOP_LOSS,20250825,44.5
301217,SELL,20250826,33.85,600,-2.167630057803468,TRAILING_STOP,20250825,34.6
601606,SELL,20250827,63.27,300,1.6059097478721696,TRAILING_STOP,20250825,62.27
600410,SELL,20250827,24.53,1000,10.545290671473635,TRAILING_STOP,20250825,22.19
600113,SELL,20250828,56.48,400,8.282208588957056,TRAILING_STOP,20250818,52.16
603757,SELL,20250828,59.76,400,19.519999999999996,TRAILING_STOP,20250825,50.0
300767,SELL,20250828,23.69,800,-10.839292435077152,STOP_LOSS,20250825,26.57
300620,SELL,20250829,96.99,200,5.814968361335368,TRAILING_STOP,20250825,91.66
002046,SELL,20250829,33.38,600,-1.8235294117646985,MARKET_EXIT,20250825,34.0
600376,BUY,20250915,6.01,3700,0.0,REBALANCE,20250915,6.01
300528,BUY,20250915,29.16,700,0.0,REBALANCE,20250915,29.16
688183,BUY,20250915,94.83,200,0.0,REBALANCE,20250915,94.83
600021,BUY,20250915,22.12,1000,0.0,REBALANCE,20250915,22.12
688006,BUY,20250915,37.63,600,0.0,REBALANCE,20250915,37.63
300486,BUY,20250915,23.59,900,0.0,REBALANCE,20250915,23.59
601929,BUY,20250915,6.08,3700,0.0,REBALANCE,20250915,6.08
601869,BUY,20250915,88.0,200,0.0,REBALANCE,20250915,88.0
605298,BUY,20250915,47.2,400,0.0,REBALANCE,20250915,47.2
603119,BUY,20250915,98.48,200,0.0,REBALANCE,20250915,98.48
300475,BUY,20250915,72.8,300,0.0,REBALANCE,20250915,72.8
300450,BUY,20250915,55.79,400,0.0,REBALANCE,20250915,55.79
002759,BUY,20250915,18.03,1200,0.0,REBALANCE,20250915,18.03
688028,BUY,20250915,44.47,500,0.0,REBALANCE,20250915,44.47
600601,BUY,20250915,11.55,1900,0.0,REBALANCE,20250915,11.55
600021,SELL,20250915,21.68,1000,-1.9891500904159187,TRAILING_STOP,20250915,22.12
601929,SELL,20250915,6.14,3700,0.9868421052631514,TRAILING_STOP,20250915,6.08
002759,SELL,20250915,17.29,1200,-4.104270660011103,TRAILING_STOP,20250915,18.03
300528,SELL,20250916,30.5,700,4.595336076817558,TRAILING_STOP,20250915,29.16
688028,SELL,20250916,43.15,500,-2.9682932313919506,TRAILING_STOP,20250915,44.47
600601,SELL,20250917,11.84,1900,2.5108225108225035,TRAILING_STOP,20250915,11.55
605298,SELL,20250918,50.46,400,6.9067796610169445,TRAILING_STOP,20250915,47.2
300475,SELL,20250918,75.51,300,3.7225274725274837,TRAILING_STOP,20250915,72.8
600376,SELL,20250919,7.26,3700,20.798668885191347,TRAILING_STOP,20250915,6.01
300486,SELL,20250919,21.4,900,-9.283594743535401,STOP_LOSS,20250915,23.59
603119,SELL,20250919,106.59,200,8.235174654752234,TRAILING_STOP,20250915,98.48
300450,SELL,20250919,55.6,400,-0.34056282487900646,TRAILING_STOP,20250915,55.79
688183,SELL,20250919,89.14,200,-6.000210903722449,MARKET_EXIT,20250915,94.83
688006,SELL,20250919,37.22,600,-1.0895562051554708,MARKET_EXIT,20250915,37.63
601869,SELL,20250919,120.62,200,37.06818181818182,MARKET_EXIT,20250915,88.0
600376,BUY,20251013,6.5,3600,0.0,REBALANCE,20251013,6.5
300111,BUY,20251013,6.56,3500,0.0,REBALANCE,20251013,6.56
000981,BUY,20251013,4.49,5200,0.0,REBALANCE,20251013,4.49
603878,BUY,20251013,10.01,2300,0.0,REBALANCE,20251013,10.01
300604,BUY,20251013,92.01,200,0.0,REBALANCE,20251013,92.01
300948,BUY,20251013,19.19,1200,0.0,REBALANCE,20251013,19.19
000691,BUY,20251013,11.35,2000,0.0,REBALANCE,20251013,11.35
300539,BUY,20251013,50.82,400,0.0,REBALANCE,20251013,50.82
600629,BUY,20251013,28.7,800,0.0,REBALANCE,20251013,28.7
000426,BUY,20251013,36.0,600,0.0,REBALANCE,20251013,36.0
002549,BUY,20251013,26.0,900,0.0,REBALANCE,20251013,26.0
603301,BUY,20251013,50.9,400,0.0,REBALANCE,20251013,50.9
002759,BUY,20251013,20.85,1100,0.0,REBALANCE,20251013,20.85
688403,BUY,20251013,18.0,1300,0.0,REBALANCE,20251013,18.0
688335,BUY,20251013,28.7,800,0.0,REBALANCE,20251013,28.7
600376,SELL,20251014,5.98,3600,-7.999999999999993,STOP_LOSS,20251013,6.5
300111,SELL,20251014,6.76,3500,3.048780487804881,TRAILING_STOP,20251013,6.56
603878,SELL,20251014,11.46,2300,14.485514485514498,TRAILING_STOP,20251013,10.01
300604,SELL,20251014,83.93,200,-8.781654168025211,STOP_LOSS,20251013,92.01
000691,SELL,20251014,11.92,2000,5.022026431718064,TRAILING_STOP,20251013,11.35
300539,SELL,20251014,52.33,400,2.971271153089331,TRAILING_STOP,20251013,50.82
000426,SELL,20251014,34.97,600,-2.8611111111111143,TRAILING_STOP,20251013,36.0
002759,SELL,20251014,22.6,1100,8.393285371702637,TRAILING_STOP,20251013,20.85
688403,SELL,20251014,17.2,1300,-4.444444444444448,TRAILING_STOP,20251013,18.0
688335,SELL,20251014,25.4,800,-11.498257839721257,STOP_LOSS,20251013,28.7
000981,SELL,20251015,4.43,5200,-1.3363028953229508,TRAILING_STOP,20251013,4.49
300948,SELL,20251015,19.52,1200,1.7196456487753946,TRAILING_STOP,20251013,19.19
002549,SELL,20251015,27.06,900,4.076923076923071,TRAILING_STOP,20251013,26.0
600629,SELL,20251017,38.1,800,32.75261324041813,MARKET_EXIT,20251013,28.7
603301,SELL,20251017,67.93,400,33.45776031434186,MARKET_EXIT,20251013,50.9
002208,BUY,20251027,14.5,1600,0.0,REBALANCE,20251027,14.5
300111,BUY,20251027,8.02,3000,0.0,REBALANCE,20251027,8.02
300588,BUY,20251027,28.8,800,0.0,REBALANCE,20251027,28.8
603878,BUY,20251027,11.21,2100,0.0,REBALANCE,20251027,11.21
603843,BUY,20251027,6.47,3700,0.0,REBALANCE,20251027,6.47
600748,BUY,20251027,6.72,3600,0.0,REBALANCE,20251027,6.72
002713,BUY,20251027,9.95,2400,0.0,REBALANCE,20251027,9.95
300948,BUY,20251027,18.65,1300,0.0,REBALANCE,20251027,18.65
603903,BUY,20251027,17.6,1300,0.0,REBALANCE,20251027,17.6
300260,BUY,20251027,61.52,300,0.0,REBALANCE,20251027,61.52
600629,BUY,20251027,27.5,800,0.0,REBALANCE,20251027,27.5
603301,BUY,20251027,72.0,300,0.0,REBALANCE,20251027,72.0
600635,BUY,20251027,7.14,3400,0.0,REBALANCE,20251027,7.14
600403,BUY,20251027,9.01,2700,0.0,REBALANCE,20251027,9.01
000006,BUY,20251027,13.83,1700,0.0,REBALANCE,20251027,13.83
300588,SELL,20251027,25.75,800,-10.59027777777778,STOP_LOSS,20251027,28.8
603903,SELL,20251027,14.4,1300,-18.181818181818183,STOP_LOSS,20251027,17.6
600403,SELL,20251027,9.28,2700,2.996670366259707,TRAILING_STOP,20251027,9.01
002208,SELL,20251028,12.49,1600,-13.86206896551724,STOP_LOSS,20251027,14.5
300111,SELL,20251028,9.32,3000,16.209476309226943,TRAILING_STOP,20251027,8.02
002713,SELL,20251028,9.83,2400,-1.2060301507537612,TRAILING_STOP,20251027,9.95
300948,SELL,20251028,20.44,1300,9.597855227882054,TRAILING_STOP,20251027,18.65
600629,SELL,20251028,24.18,800,-12.072727272727274,STOP_LOSS,20251027,27.5
300260,SELL,20251029,65.7,300,6.794538361508453,TRAILING_STOP,20251027,61.52
000006,SELL,20251030,12.65,1700,-8.532176428054951,STOP_LOSS,20251027,13.83
600748,SELL,20251031,6.95,3600,3.422619047619054,TRAILING_STOP,20251027,6.72
603878,SELL,20251031,10.52,2100,-6.155218554861742,REBALANCE,20251027,11.21
600635,SELL,20251031,7.47,3400,4.6218487394958,REBALANCE,20251027,7.14
002208,BUY,20251103,12.44,1900,0.0,REBALANCE,20251103,12.44
301358,BUY,20251103,72.43,300,0.0,REBALANCE,20251103,72.43
600021,BUY,20251103,29.69,800,0.0,REBALANCE,20251103,29.69
600748,BUY,20251103,6.94,3500,0.0,REBALANCE,20251103,6.94
002713,BUY,20251103,11.93,2000,0.0,REBALANCE,20251103,11.93
002407,BUY,20251103,27.84,800,0.0,REBALANCE,20251103,27.84
300948,BUY,20251103,20.23,1200,0.0,REBALANCE,20251103,20.23
000638,BUY,20251103,7.41,3200,0.0,REBALANCE,20251103,7.41
000592,BUY,20251103,7.7,3100,0.0,REBALANCE,20251103,7.7
301292,BUY,20251103,32.5,700,0.0,REBALANCE,20251103,32.5
002759,BUY,20251103,30.85,700,0.0,REBALANCE,20251103,30.85
600403,BUY,20251103,7.9,3000,0.0,REBALANCE,20251103,7.9
300300,BUY,20251103,10.15,2300,0.0,REBALANCE,20251103,10.15
605178,BUY,20251103,66.0,100,0.0,REBALANCE,20251103,66.0
603301,SELL,20251103,89.67,300,24.54166666666667,TRAILING_STOP,20251027,72.0
300300,SELL,20251103,10.81,2300,6.502463054187194,TRAILING_STOP,20251103,10.15
002208,SELL,20251104,12.43,1900,-0.08038585209003044,TRAILING_STOP,20251103,12.44
300948,SELL,20251104,19.5,1200,-3.6085022244191816,TRAILING_STOP,20251103,20.23
301292,SELL,20251104,32.0,700,-1.5384615384615385,TRAILING_STOP,20251103,32.5
002759,SELL,20251104,31.1,700,0.8103727714748784,TRAILING_STOP,20251103,30.85
000638,SELL,20251105,7.51,3200,1.3495276653171342,TRAILING_STOP,20251103,7.41
000592,SELL,20251106,8.49,3100,10.25974025974026,TRAILING_STOP,20251103,7.7
600403,SELL,20251106,8.15,3000,3.164556962025316,TRAILING_STOP,20251103,7.9
600021,SELL,20251107,28.68,800,-3.4018187942068088,REBALANCE,20251103,29.69
600748,SELL,20251107,6.83,3500,-1.5850144092219065,REBALANCE,20251103,6.94
301358,SELL,20251107,82.48,300,13.875465967140682,REBALANCE,20251103,72.43
002885,BUY,20251110,35.6,700,0.0,REBALANCE,20251110,35.6
000609,BUY,20251110,9.71,2500,0.0,REBALANCE,20251110,9.71
300062,BUY,20251110,11.01,2200,0.0,REBALANCE,20251110,11.01
688353,BUY,20251110,82.18,300,0.0,REBALANCE,20251110,82.18
000592,BUY,20251110,8.5,2900,0.0,REBALANCE,20251110,8.5
603301,BUY,20251110,97.88,200,0.0,REBALANCE,20251110,97.88
301292,BUY,20251110,45.31,500,0.0,REBALANCE,20251110,45.31
688472,BUY,20251110,22.0,1100,0.0,REBALANCE,20251110,22.0
002759,BUY,20251110,38.69,600,0.0,REBALANCE,20251110,38.69
600403,BUY,20251110,8.35,3000,0.0,REBALANCE,20251110,8.35
603122,BUY,20251110,15.0,1600,0.0,REBALANCE,20251110,15.0
300300,BUY,20251110,10.86,2300,0.0,REBALANCE,20251110,10.86
002407,SELL,20251110,32.94,800,18.318965517241374,TRAILING_STOP,20251103,27.84
605178,SELL,20251110,74.2,100,12.424242424242427,TRAILING_STOP,20251103,66.0
300062,SELL,20251110,11.12,2200,0.9990917347865524,TRAILING_STOP,20251110,11.01
000592,SELL,20251110,8.56,2900,0.7058823529411823,TRAILING_STOP,20251110,8.5
600403,SELL,20251110,8.25,3000,-1.1976047904191574,TRAILING_STOP,20251110,8.35
300300,SELL,20251110,11.21,2300,3.222836095764286,TRAILING_STOP,20251110,10.86
688353,SELL,20251111,95.68,300,16.42735458749087,TRAILING_STOP,20251110,82.18
002885,SELL,20251112,30.03,700,-15.646067415730336,STOP_LOSS,20251110,35.6
688472,SELL,20251112,20.56,1100,-6.545454545454551,TRAILING_STOP,20251110,22.0
603301,SELL,20251113,88.04,200,-10.053126277073957,STOP_LOSS,20251110,97.88
002759,SELL,20251113,48.42,600,25.148617213750335,TRAILING_STOP,20251110,38.69
301292,SELL,20251114,72.7,500,60.45023173692341,TRAILING_STOP,20251110,45.31
603843,SELL,20251114,7.86,3700,21.483771251932005,REBALANCE,20251027,6.47
300390,BUY,20251117,52.8,500,0.0,REBALANCE,20251117,52.8
000620,BUY,20251117,3.61,7500,0.0,REBALANCE,20251117,3.61
002451,BUY,20251117,12.6,2100,0.0,REBALANCE,20251117,12.6
002407,BUY,20251117,38.38,700,0.0,REBALANCE,20251117,38.38
300062,BUY,20251117,11.7,2300,0.0,REBALANCE,20251117,11.7
600408,BUY,20251117,6.3,4300,0.0,REBALANCE,20251117,6.3
301292,BUY,20251117,70.0,300,0.0,REBALANCE,20251117,70.0
000592,BUY,20251117,11.97,2200,0.0,REBALANCE,20251117,11.97
605178,BUY,20251117,79.82,300,0.0,REBALANCE,20251117,79.82
002759,BUY,20251117,44.5,600,0.0,REBALANCE,20251117,44.5
001203,BUY,20251117,30.23,800,0.0,REBALANCE,20251117,30.23
603778,BUY,20251117,7.89,3400,0.0,REBALANCE,20251117,7.89
300300,BUY,20251117,16.55,700,0.0,REBALANCE,20251117,16.55
603778,SELL,20251117,7.9,3400,0.12674271229405165,TRAILING_STOP,20251117,7.89
300390,SELL,20251118,56.61,500,7.215909090909095,TRAILING_STOP,20251117,52.8
000620,SELL,20251118,3.46,7500,-4.15512465373961,TRAILING_STOP,20251117,3.61
002451,SELL,20251118,12.93,2100,2.61904761904762,TRAILING_STOP,20251117,12.6
002407,SELL,20251118,36.59,700,-4.663887441375714,TRAILING_STOP,20251117,38.38
300062,SELL,20251118,9.52,2300,-18.63247863247863,STOP_LOSS,20251117,11.7
600408,SELL,20251118,6.23,4300,-1.1111111111111016,TRAILING_STOP,20251117,6.3
301292,SELL,20251118,66.04,300,-5.657142857142848,TRAILING_STOP,20251117,70.0
605178,SELL,20251118,78.78,300,-1.3029315960911954,TRAILING_STOP,20251117,79.82
002759,SELL,20251118,42.45,600,-4.606741573033702,TRAILING_STOP,20251117,44.5
001203,SELL,20251118,30.82,800,1.9517036056897117,TRAILING_STOP,20251117,30.23
002713,SELL,20251120,17.61,2000,47.61106454316848,TRAILING_STOP,20251103,11.93
603122,SELL,20251121,23.56,1600,57.066666666666656,TRAILING_STOP,20251110,15.0
000592,SELL,20251121,10.77,2200,-10.025062656641612,STOP_LOSS,20251117,11.97
300300,SELL,20251121,14.59,700,-11.842900302114808,STOP_LOSS,20251117,16.55
000609,SELL,20251121,12.72,2500,30.99897013388259,MARKET_EXIT,20251110,9.71
300390,BUY,20251201,53.41,500,0.0,REBALANCE,20251201,53.41
003041,BUY,20251201,53.89,500,0.0,REBALANCE,20251201,53.89
688227,BUY,20251201,82.0,300,0.0,REBALANCE,20251201,82.0
300456,BUY,20251201,48.58,500,0.0,REBALANCE,20251201,48.58
000609,BUY,20251201,11.59,2300,0.0,REBALANCE,20251201,11.59
000973,BUY,20251201,14.28,1900,0.0,REBALANCE,20251201,14.28
300437,BUY,20251201,20.79,1300,0.0,REBALANCE,20251201,20.79
001203,BUY,20251201,32.9,800,0.0,REBALANCE,20251201,32.9
002083,BUY,20251201,10.09,2700,0.0,REBALANCE,20251201,10.09
301292,BUY,20251201,80.01,300,0.0,REBALANCE,20251201,80.01
000592,BUY,20251201,10.46,2600,0.0,REBALANCE,20251201,10.46
603122,BUY,20251201,22.9,1200,0.0,REBALANCE,20251201,22.9
603778,BUY,20251201,11.86,2300,0.0,REBALANCE,20251201,11.86
603216,BUY,20251201,28.93,900,0.0,REBALANCE,20251201,28.93
300300,BUY,20251201,15.4,1700,0.0,REBALANCE,20251201,15.4
300390,SELL,20251201,55.06,500,3.089309118142681,TRAILING_STOP,20251201,53.41
003041,SELL,20251201,49.47,500,-8.201892744479498,STOP_LOSS,20251201,53.89
300437,SELL,20251201,21.6,1300,3.896103896103907,TRAILING_STOP,20251201,20.79
001203,SELL,20251201,30.1,800,-8.510638297872331,STOP_LOSS,20251201,32.9
301292,SELL,20251201,76.08,300,-4.911886014248227,TRAILING_STOP,20251201,80.01
300300,SELL,20251201,16.26,1700,5.584415584415591,TRAILING_STOP,20251201,15.4
688227,SELL,20251202,73.01,300,-10.963414634146334,STOP_LOSS,20251201,82.0
000973,SELL,20251202,13.02,1900,-8.823529411764705,STOP_LOSS,20251201,14.28
300456,SELL,20251203,47.0,500,-3.252367229312471,TRAILING_STOP,20251201,48.58
002083,SELL,20251203,9.73,2700,-3.567888999008914,TRAILING_STOP,20251201,10.09
000592,SELL,20251203,11.27,2600,7.743785850860407,TRAILING_STOP,20251201,10.46
603122,SELL,20251203,23.0,1200,0.4366812227074298,TRAILING_STOP,20251201,22.9
603778,SELL,20251203,12.64,2300,6.5767284991568395,TRAILING_STOP,20251201,11.86
603216,SELL,20251203,30.29,900,4.701002419633596,TRAILING_STOP,20251201,28.93
000609,SELL,20251205,10.63,2300,-8.2830025884383,STOP_LOSS,20251201,11.59
000547,BUY,20251208,21.91,1200,0.0,REBALANCE,20251208,21.91
600343,BUY,20251208,29.92,900,0.0,REBALANCE,20251208,29.92
300456,BUY,20251208,48.0,500,0.0,REBALANCE,20251208,48.0
002702,BUY,20251208,9.9,2700,0.0,REBALANCE,20251208,9.9
301136,BUY,20251208,27.35,900,0.0,REBALANCE,20251208,27.35
000078,BUY,20251208,5.64,4700,0.0,REBALANCE,20251208,5.64
300437,BUY,20251208,22.0,1200,0.0,REBALANCE,20251208,22.0
000510,BUY,20251208,10.46,2500,0.0,REBALANCE,20251208,10.46
688523,BUY,20251208,43.8,600,0.0,REBALANCE,20251208,43.8
300102,BUY,20251208,24.71,1000,0.0,REBALANCE,20251208,24.71
301292,BUY,20251208,67.8,300,0.0,REBALANCE,20251208,67.8
603122,BUY,20251208,29.16,900,0.0,REBALANCE,20251208,29.16
603778,BUY,20251208,13.1,2000,0.0,REBALANCE,20251208,13.1
301148,BUY,20251208,55.0,400,0.0,REBALANCE,20251208,55.0
603216,BUY,20251208,30.78,800,0.0,REBALANCE,20251208,30.78
301136,SELL,20251208,26.17,900,-4.314442413162705,TRAILING_STOP,20251208,27.35
000078,SELL,20251208,5.14,4700,-8.865248226950355,STOP_LOSS,20251208,5.64
688523,SELL,20251208,42.45,600,-3.0821917808219053,TRAILING_STOP,20251208,43.8
600343,SELL,20251209,32.01,900,6.985294117647046,TRAILING_STOP,20251208,29.92
000510,SELL,20251209,9.37,2500,-10.420650095602308,STOP_LOSS,20251208,10.46
002702,SELL,20251210,9.95,2700,0.5050505050504942,TRAILING_STOP,20251208,9.9
300437,SELL,20251210,20.12,1200,-8.545454545454541,STOP_LOSS,20251208,22.0
300102,SELL,20251210,25.92,1000,4.896802913800085,TRAILING_STOP,20251208,24.71
300456,SELL,20251211,55.89,500,16.437500000000004,TRAILING_STOP,20251208,48.0
603122,SELL,20251211,26.35,900,-9.63648834019204,STOP_LOSS,20251208,29.16
301148,SELL,20251211,49.26,400,-10.43636363636364,STOP_LOSS,20251208,55.0
603216,SELL,20251211,33.23,800,7.9597141000649625,TRAILING_STOP,20251208,30.78
301292,SELL,20251212,59.8,300,-11.799410029498524,STOP_LOSS,20251208,67.8
603778,SELL,20251212,12.5,2000,-4.580152671755722,TRAILING_STOP,20251208,13.1
600343,BUY,20251215,39.0,600,0.0,REBALANCE,20251215,39.0
300456,BUY,20251215,60.99,400,0.0,REBALANCE,20251215,60.99
688227,BUY,20251215,75.65,300,0.0,REBALANCE,20251215,75.65
688102,BUY,20251215,34.4,700,0.0,REBALANCE,20251215,34.4
301136,BUY,20251215,23.01,1100,0.0,REBALANCE,20251215,23.01
001330,BUY,20251215,12.66,2000,0.0,REBALANCE,20251215,12.66
600151,BUY,20251215,16.0,1600,0.0,REBALANCE,20251215,16.0
300427,BUY,20251215,13.87,1800,0.0,REBALANCE,20251215,13.87
603778,BUY,20251215,12.48,2100,0.0,REBALANCE,20251215,12.48
300102,BUY,20251215,25.89,1000,0.0,REBALANCE,20251215,25.89
002682,BUY,20251215,10.38,2500,0.0,REBALANCE,20251215,10.38
002565,BUY,20251215,17.0,1500,0.0,REBALANCE,20251215,17.0
000592,BUY,20251215,13.58,1900,0.0,REBALANCE,20251215,13.58
301005,BUY,20251215,96.78,200,0.0,REBALANCE,20251215,96.78
300456,SELL,20251216,64.4,400,5.591080505000826,TRAILING_STOP,20251215,60.99
688227,SELL,20251216,66.42,300,-12.200925313945806,STOP_LOSS,20251215,75.65
301136,SELL,20251216,22.2,1100,-3.520208604954377,TRAILING_STOP,20251215,23.01
001330,SELL,20251216,10.82,2000,-14.533965244865717,STOP_LOSS,20251215,12.66
600151,SELL,20251216,17.18,1600,7.374999999999998,TRAILING_STOP,20251215,16.0
002682,SELL,20251216,10.74,2500,3.4682080924855434,TRAILING_STOP,20251215,10.38
301005,SELL,20251216,97.5,200,0.7439553626782381,TRAILING_STOP,20251215,96.78
000547,SELL,20251217,21.05,1200,-3.9251483340940183,TRAILING_STOP,20251208,21.91
600343,SELL,20251217,36.2,600,-7.179487179487172,TRAILING_STOP,20251215,39.0
688102,SELL,20251217,36.15,700,5.087209302325581,TRAILING_STOP,20251215,34.4
300427,SELL,20251217,12.7,1800,-8.435472242249459,STOP_LOSS,20251215,13.87
002565,SELL,20251217,15.17,1500,-10.764705882352942,STOP_LOSS,20251215,17.0
000592,SELL,20251217,13.82,1900,1.767304860088367,TRAILING_STOP,20251215,13.58
000547,BUY,20251222,22.2,1100,0.0,REBALANCE,20251222,22.2
600693,BUY,20251222,17.55,1400,0.0,REBALANCE,20251222,17.55
600343,BUY,20251222,38.0,600,0.0,REBALANCE,20251222,38.0
300456,BUY,20251222,63.08,400,0.0,REBALANCE,20251222,63.08
002792,BUY,20251222,33.5,700,0.0,REBALANCE,20251222,33.5
002702,BUY,20251222,8.45,3000,0.0,REBALANCE,20251222,8.45
688102,BUY,20251222,36.38,700,0.0,REBALANCE,20251222,36.38
600151,BUY,20251222,18.89,1300,0.0,REBALANCE,20251222,18.89
600865,BUY,20251222,18.37,1300,0.0,REBALANCE,20251222,18.37
002149,BUY,20251222,40.01,600,0.0,REBALANCE,20251222,40.01
603601,BUY,20251222,10.16,2500,0.0,REBALANCE,20251222,10.16
002565,BUY,20251222,16.29,1500,0.0,REBALANCE,20251222,16.29
301005,BUY,20251222,99.73,200,0.0,REBALANCE,20251222,99.73
300102,SELL,20251223,23.05,1000,-10.96948628814214,STOP_LOSS,20251215,25.89
600693,SELL,20251223,19.5,1400,11.111111111111107,TRAILING_STOP,20251222,17.55
600343,SELL,20251223,38.0,600,0.0,TRAILING_STOP,20251222,38.0
002792,SELL,20251223,32.65,700,-2.537313432835825,TRAILING_STOP,20251222,33.5
688102,SELL,20251223,32.97,700,-9.373282023089619,STOP_LOSS,20251222,36.38
600151,SELL,20251223,16.06,1300,-14.98147167813659,STOP_LOSS,20251222,18.89
600865,SELL,20251223,18.37,1300,0.0,TRAILING_STOP,20251222,18.37
603601,SELL,20251223,10.03,2500,-1.2795275590551258,TRAILING_STOP,20251222,10.16
002565,SELL,20251223,14.13,1500,-13.259668508287284,STOP_LOSS,20251222,16.29
002702,SELL,20251224,9.08,3000,7.455621301775158,TRAILING_STOP,20251222,8.45
603778,SELL,20251226,15.25,2100,22.195512820512818,TRAILING_STOP,20251215,12.48
300456,SELL,20251226,57.32,400,-9.131261889663916,STOP_LOSS,20251222,63.08
301005,SELL,20251226,137.0,200,37.370901433871445,REBALANCE,20251222,99.73
001331,BUY,20251229,43.38,600,0.0,REBALANCE,20251229,43.38
600693,BUY,20251229,22.35,1100,0.0,REBALANCE,20251229,22.35
600343,BUY,20251229,44.16,600,0.0,REBALANCE,20251229,44.16
002792,BUY,20251229,43.89,600,0.0,REBALANCE,20251229,43.89
603698,BUY,20251229,38.0,600,0.0,REBALANCE,20251229,38.0
603696,BUY,20251229,26.0,1000,0.0,REBALANCE,20251229,26.0
002163,BUY,20251229,22.75,1100,0.0,REBALANCE,20251229,22.75
600865,BUY,20251229,21.0,1200,0.0,REBALANCE,20251229,21.0
600118,BUY,20251229,81.0,300,0.0,REBALANCE,20251229,81.0
603601,BUY,20251229,12.05,2100,0.0,REBALANCE,20251229,12.05
002565,BUY,20251229,15.5,1700,0.0,REBALANCE,20251229,15.5
002361,BUY,20251229,14.47,1800,0.0,REBALANCE,20251229,14.47
002788,BUY,20251229,20.79,1200,0.0,REBALANCE,20251229,20.79
002149,SELL,20251229,44.71,600,11.74706323419146,TRAILING_STOP,20251222,40.01
600693,SELL,20251229,19.8,1100,-11.409395973154366,STOP_LOSS,20251229,22.35
603696,SELL,20251229,23.57,1000,-9.346153846153845,STOP_LOSS,20251229,26.0
600865,SELL,20251229,19.2,1200,-8.571428571428575,STOP_LOSS,20251229,21.0
000547,SELL,20251230,30.01,1100,35.180180180180194,TRAILING_STOP,20251222,22.2
002792,SELL,20251230,39.7,600,-9.546593757120068,STOP_LOSS,20251229,43.89
002163,SELL,20251230,22.25,1100,-2.197802197802198,TRAILING_STOP,20251229,22.75
600118,SELL,20251230,86.32,300,6.567901234567892,TRAILING_STOP,20251229,81.0
603601,SELL,20251230,11.94,2100,-0.9128630705394291,TRAILING_STOP,20251229,12.05
002361,SELL,20251230,13.04,1800,-9.882515549412588,STOP_LOSS,20251229,14.47
002788,SELL,20251231,21.18,1200,1.8759018759018788,TRAILING_STOP,20251229,20.79
600343,SELL,20260105,45.69,600,3.464673913043481,TRAILING_STOP,20251229,44.16
603698,SELL,20260105,38.4,600,1.0526315789473648,TRAILING_STOP,20251229,38.0
002565,SELL,20260105,17.71,1700,14.258064516129037,TRAILING_STOP,20251229,15.5
001331,SELL,20260109,58.55,600,34.97003227293683,TRAILING_STOP,20251229,43.38
000547,BUY,20260112,37.76,700,0.0,REBALANCE,20260112,37.76
001331,BUY,20260112,58.53,400,0.0,REBALANCE,20260112,58.53
002792,BUY,20260112,66.86,300,0.0,REBALANCE,20260112,66.86
688387,BUY,20260112,18.0,1400,0.0,REBALANCE,20260112,18.0
688523,BUY,20260112,80.89,300,0.0,REBALANCE,20260112,80.89
600879,BUY,20260112,30.5,800,0.0,REBALANCE,20260112,30.5
002149,BUY,20260112,49.78,500,0.0,REBALANCE,20260112,49.78
002413,BUY,20260112,18.4,1400,0.0,REBALANCE,20260112,18.4
603601,BUY,20260112,13.42,1900,0.0,REBALANCE,20260112,13.42
601698,BUY,20260112,50.99,500,0.0,REBALANCE,20260112,50.99
300136,BUY,20260112,78.59,300,0.0,REBALANCE,20260112,78.59
002361,BUY,20260112,15.6,1700,0.0,REBALANCE,20260112,15.6
001208,BUY,20260112,29.25,900,0.0,REBALANCE,20260112,29.25
300986,BUY,20260112,33.38,700,0.0,REBALANCE,20260112,33.38
002788,BUY,20260112,27.3,900,0.0,REBALANCE,20260112,27.3
300136,SELL,20260112,83.11,300,5.751367858506166,TRAILING_STOP,20260112,78.59
000547,SELL,20260113,36.0,700,-4.661016949152538,TRAILING_STOP,20260112,37.76
688387,SELL,20260113,19.3,1400,7.222222222222226,TRAILING_STOP,20260112,18.0
688523,SELL,20260113,74.12,300,-8.369390530349854,STOP_LOSS,20260112,80.89
600879,SELL,20260113,28.4,800,-6.885245901639349,TRAILING_STOP,20260112,30.5
002149,SELL,20260113,46.45,500,-6.6894335074327005,TRAILING_STOP,20260112,49.78
002413,SELL,20260113,18.12,1400,-1.5217391304347696,TRAILING_STOP,20260112,18.4
603601,SELL,20260113,13.18,1900,-1.7883755588673638,TRAILING_STOP,20260112,13.42
601698,SELL,20260113,48.49,500,-4.902922141596392,TRAILING_STOP,20260112,50.99
002361,SELL,20260113,16.48,1700,5.641025641025646,TRAILING_STOP,20260112,15.6
001208,SELL,20260113,27.95,900,-4.444444444444446,TRAILING_STOP,20260112,29.25
001331,SELL,20260114,58.26,400,-0.46130189646335745,TRAILING_STOP,20260112,58.53
002792,SELL,20260114,62.97,300,-5.818127430451691,TRAILING_STOP,20260112,66.86
002788,SELL,20260114,24.3,900,-10.989010989010989,STOP_LOSS,20260112,27.3
300986,SELL,20260116,26.7,700,-20.011983223487125,STOP_LOSS,20260112,33.38
001331,BUY,20260119,51.5,400,0.0,REBALANCE,20260119,51.5
002792,BUY,20260119,50.79,500,0.0,REBALANCE,20260119,50.79
300503,BUY,20260119,63.0,400,0.0,REBALANCE,20260119,63.0
688387,BUY,20260119,19.5,1300,0.0,REBALANCE,20260119,19.5
300342,BUY,20260119,55.49,400,0.0,REBALANCE,20260119,55.49
300058,BUY,20260119,16.0,1600,0.0,REBALANCE,20260119,16.0
002796,BUY,20260119,44.3,500,0.0,REBALANCE,20260119,44.3
688568,BUY,20260119,79.39,300,0.0,REBALANCE,20260119,79.39
000510,BUY,20260119,15.37,1600,0.0,REBALANCE,20260119,15.37
688523,BUY,20260119,65.52,300,0.0,REBALANCE,20260119,65.52
002865,BUY,20260119,86.4,200,0.0,REBALANCE,20260119,86.4
002969,BUY,20260119,16.54,1500,0.0,REBALANCE,20260119,16.54
300136,BUY,20260119,77.7,300,0.0,REBALANCE,20260119,77.7
600783,BUY,20260119,26.66,900,0.0,REBALANCE,20260119,26.66
300986,BUY,20260119,26.0,900,0.0,REBALANCE,20260119,26.0
002796,SELL,20260119,44.95,500,1.4672686230248435,TRAILING_STOP,20260119,44.3
002865,SELL,20260119,90.8,200,5.092592592592583,TRAILING_STOP,20260119,86.4
300136,SELL,20260119,78.25,300,0.7078507078507041,TRAILING_STOP,20260119,77.7
600783,SELL,20260119,26.01,900,-2.43810952738184,TRAILING_STOP,20260119,26.66
300986,SELL,20260119,28.4,900,9.230769230769226,TRAILING_STOP,20260119,26.0
001331,SELL,20260120,55.9,400,8.543689320388346,TRAILING_STOP,20260119,51.5
002792,SELL,20260120,46.14,500,-9.155345540460717,STOP_LOSS,20260119,50.79
300503,SELL,20260120,64.01,400,1.6031746031746112,TRAILING_STOP,20260119,63.0
688387,SELL,20260120,17.47,1300,-10.410256410256416,STOP_LOSS,20260119,19.5
300342,SELL,20260120,52.22,400,-5.892953685348717,TRAILING_STOP,20260119,55.49
000510,SELL,20260120,16.35,1600,6.376057254391688,TRAILING_STOP,20260119,15.37
688523,SELL,20260121,59.35,300,-9.41697191697191,STOP_LOSS,20260119,65.52
002969,SELL,20260121,19.41,1500,17.351874244256354,TRAILING_STOP,20260119,16.54
688568,SELL,20260123,86.66,300,9.15732460007557,REBALANCE,20260119,79.39
002716,BUY,20260126,17.43,1500,0.0,REBALANCE,20260126,17.43
001331,BUY,20260126,59.48,400,0.0,REBALANCE,20260126,59.48
300503,BUY,20260126,71.55,300,0.0,REBALANCE,20260126,71.55
688387,BUY,20260126,20.5,1200,0.0,REBALANCE,20260126,20.5
300342,BUY,20260126,60.0,400,0.0,REBALANCE,20260126,60.0
000510,BUY,20260126,18.6,1400,0.0,REBALANCE,20260126,18.6
688523,BUY,20260126,71.0,300,0.0,REBALANCE,20260126,71.0
600879,BUY,20260126,30.0,800,0.0,REBALANCE,20260126,30.0
688516,BUY,20260126,100.0,200,0.0,REBALANCE,20260126,100.0
301171,BUY,20260126,66.29,300,0.0,REBALANCE,20260126,66.29
300136,BUY,20260126,89.91,200,0.0,REBALANCE,20260126,89.91
300986,BUY,20260126,42.0,600,0.0,REBALANCE,20260126,42.0
001331,SELL,20260126,53.06,400,-10.793544048419628,STOP_LOSS,20260126,59.48
300503,SELL,20260126,61.7,300,-13.766596785464703,STOP_LOSS,20260126,71.55
688387,SELL,20260126,17.9,1200,-12.682926829268299,STOP_LOSS,20260126,20.5
300342,SELL,20260126,54.6,400,-8.999999999999998,STOP_LOSS,20260126,60.0
688523,SELL,20260126,64.86,300,-8.647887323943662,STOP_LOSS,20260126,71.0
688516,SELL,20260126,91.07,200,-8.930000000000007,STOP_LOSS,20260126,100.0
300986,SELL,20260126,41.0,600,-2.380952380952381,TRAILING_STOP,20260126,42.0
002716,SELL,20260127,17.64,1500,1.2048192771084387,TRAILING_STOP,20260126,17.43
300058,SELL,20260128,20.36,1600,27.249999999999996,TRAILING_STOP,20260119,16.0
000510,SELL,20260128,18.48,1400,-0.645161290322586,TRAILING_STOP,20260126,18.6
600879,SELL,20260128,27.35,800,-8.833333333333329,STOP_LOSS,20260126,30.0
301171,SELL,20260128,64.11,300,-3.2885804797103733,TRAILING_STOP,20260126,66.29
300136,SELL,20260128,82.15,200,-8.630853075297509,STOP_LOSS,20260126,89.91
300164,BUY,20260209,12.41,2000,0.0,REBALANCE,20260209,12.41
002342,BUY,20260209,19.28,1200,0.0,REBALANCE,20260209,19.28
300385,BUY,20260209,11.4,2100,0.0,REBALANCE,20260209,11.4
300139,BUY,20260209,62.69,300,0.0,REBALANCE,20260209,62.69
002155,BUY,20260209,36.5,600,0.0,REBALANCE,20260209,36.5
301362,BUY,20260209,94.0,200,0.0,REBALANCE,20260209,94.0
605599,BUY,20260209,28.06,800,0.0,REBALANCE,20260209,28.06
603103,BUY,20260209,36.7,600,0.0,REBALANCE,20260209,36.7
002440,BUY,20260209,13.74,1800,0.0,REBALANCE,20260209,13.74
002842,BUY,20260209,29.42,800,0.0,REBALANCE,20260209,29.42
002969,BUY,20260209,27.0,900,0.0,REBALANCE,20260209,27.0
002943,BUY,20260209,87.02,200,0.0,REBALANCE,20260209,87.02
300986,BUY,20260209,39.0,600,0.0,REBALANCE,20260209,39.0
002995,BUY,20260209,37.0,600,0.0,REBALANCE,20260209,37.0
300461,BUY,20260209,52.24,400,0.0,REBALANCE,20260209,52.24
002342,SELL,20260209,19.98,1200,3.6307053941908674,TRAILING_STOP,20260209,19.28
301362,SELL,20260209,92.0,200,-2.127659574468085,TRAILING_STOP,20260209,94.0
002995,SELL,20260209,34.0,600,-8.108108108108109,STOP_LOSS,20260209,37.0
300385,SELL,20260210,11.53,2100,1.1403508771929738,TRAILING_STOP,20260209,11.4
605599,SELL,20260210,24.5,800,-12.68709907341411,STOP_LOSS,20260209,28.06
300986,SELL,20260210,34.21,600,-12.282051282051281,STOP_LOSS,20260209,39.0
603103,SELL,20260211,36.37,600,-0.8991825613079165,TRAILING_STOP,20260209,36.7
300164,SELL,20260212,10.91,2000,-12.087026591458502,STOP_LOSS,20260209,12.41
300139,SELL,20260212,57.03,300,-9.028553198277232,STOP_LOSS,20260209,62.69
002155,SELL,20260212,33.11,600,-9.287671232876713,STOP_LOSS,20260209,36.5
300461,SELL,20260212,52.7,400,0.8805513016845345,TRAILING_STOP,20260209,52.24
002440,SELL,20260213,14.79,1800,7.641921397379904,TRAILING_STOP,20260209,13.74
002842,SELL,20260213,36.38,800,23.657375934738276,TRAILING_STOP,20260209,29.42
002969,SELL,20260213,30.05,900,11.2962962962963,TRAILING_STOP,20260209,27.0
002943,SELL,20260213,76.31,200,-12.30751551367501,STOP_LOSS,20260209,87.02
301526,BUY,20260224,13.37,1800,0.0,REBALANCE,20260224,13.37
300912,BUY,20260224,33.17,700,0.0,REBALANCE,20260224,33.17
603629,BUY,20260224,59.0,400,0.0,REBALANCE,20260224,59.0
300749,BUY,20260224,30.66,800,0.0,REBALANCE,20260224,30.66
603103,BUY,20260224,31.41,700,0.0,REBALANCE,20260224,31.41
002440,BUY,20260224,14.71,1600,0.0,REBALANCE,20260224,14.71
002378,BUY,20260224,31.92,700,0.0,REBALANCE,20260224,31.92
600397,BUY,20260224,16.18,1500,0.0,REBALANCE,20260224,16.18
002009,BUY,20260224,37.94,600,0.0,REBALANCE,20260224,37.94
002842,BUY,20260224,37.47,600,0.0,REBALANCE,20260224,37.47
002969,BUY,20260224,31.0,700,0.0,REBALANCE,20260224,31.0
603256,BUY,20260224,75.17,300,0.0,REBALANCE,20260224,75.17
300017,BUY,20260224,22.52,1000,0.0,REBALANCE,20260224,22.52
300461,BUY,20260224,56.77,400,0.0,REBALANCE,20260224,56.77
002931,BUY,20260224,90.86,200,0.0,REBALANCE,20260224,90.86
603629,SELL,20260225,53.7,400,-8.983050847457623,STOP_LOSS,20260224,59.0
603103,SELL,20260225,28.27,700,-9.99681630054123,STOP_LOSS,20260224,31.41
002009,SELL,20260225,33.23,600,-12.41433842909858,STOP_LOSS,20260224,37.94
002969,SELL,20260225,26.4,700,-14.83870967741936,STOP_LOSS,20260224,31.0
300017,SELL,20260225,20.35,1000,-9.63587921847246,STOP_LOSS,20260224,22.52
300749,SELL,20260226,32.59,800,6.294846705805621,TRAILING_STOP,20260224,30.66
002440,SELL,20260226,14.69,1600,-0.13596193065942452,TRAILING_STOP,20260224,14.71
002842,SELL,20260226,37.78,600,0.8273285294902649,TRAILING_STOP,20260224,37.47
301526,SELL,20260227,14.09,1800,5.3851907255048665,TRAILING_STOP,20260224,13.37
603256,SELL,20260227,79.79,300,6.146068910469609,TRAILING_STOP,20260224,75.17
002931,SELL,20260227,82.56,200,-9.13493286374642,STOP_LOSS,20260224,90.86
300461,SELL,20260227,53.3,400,-6.112383301039292,REBALANCE,20260224,56.77
301526,BUY,20260302,14.01,1700,0.0,REBALANCE,20260302,14.01
300164,BUY,20260302,18.08,1300,0.0,REBALANCE,20260302,18.08
000657,BUY,20260302,71.0,300,0.0,REBALANCE,20260302,71.0
603629,BUY,20260302,56.81,400,0.0,REBALANCE,20260302,56.81
688530,BUY,20260302,42.49,500,0.0,REBALANCE,20260302,42.49
300749,BUY,20260302,32.0,700,0.0,REBALANCE,20260302,32.0
600487,BUY,20260302,46.0,500,0.0,REBALANCE,20260302,46.0
001896,BUY,20260302,13.35,1800,0.0,REBALANCE,20260302,13.35
002842,BUY,20260302,43.13,500,0.0,REBALANCE,20260302,43.13
603256,BUY,20260302,79.04,300,0.0,REBALANCE,20260302,79.04
603618,BUY,20260302,18.62,1300,0.0,REBALANCE,20260302,18.62
688308,BUY,20260302,74.1,300,0.0,REBALANCE,20260302,74.1
300912,SELL,20260302,33.27,700,0.3014772384684999,TRAILING_STOP,20260224,33.17
002378,SELL,20260303,41.63,700,30.41979949874687,TRAILING_STOP,20260224,31.92
600397,SELL,20260303,19.35,1500,19.592088998763916,TRAILING_STOP,20260224,16.18
301526,SELL,20260303,12.81,1700,-8.565310492505349,STOP_LOSS,20260302,14.01
000657,SELL,20260303,64.94,300,-8.535211267605638,STOP_LOSS,20260302,71.0
603629,SELL,20260303,58.1,400,2.270726984685793,TRAILING_STOP,20260302,56.81
688530,SELL,20260303,36.93,500,-13.085431866321493,STOP_LOSS,20260302,42.49
300749,SELL,20260303,31.96,700,-0.12499999999999734,TRAILING_STOP,20260302,32.0
600487,SELL,20260303,47.52,500,3.304347826086963,TRAILING_STOP,20260302,46.0
001896,SELL,20260303,13.28,1800,-0.5243445692883917,TRAILING_STOP,20260302,13.35
002842,SELL,20260303,43.68,500,1.2752144678877744,TRAILING_STOP,20260302,43.13
603618,SELL,20260303,18.72,1300,0.5370569280343602,TRAILING_STOP,20260302,18.62
688308,SELL,20260303,77.35,300,4.385964912280702,TRAILING_STOP,20260302,74.1
300164,SELL,20260305,22.41,1300,23.9491150442478,TRAILING_STOP,20260302,18.08
603256,SELL,20260305,72.34,300,-8.476720647773282,STOP_LOSS,20260302,79.04
300164,BUY,20260309,24.0,1000,0.0,REBALANCE,20260309,24.0
600026,BUY,20260309,26.12,900,0.0,REBALANCE,20260309,26.12
603629,BUY,20260309,55.49,400,0.0,REBALANCE,20260309,55.49
300749,BUY,20260309,31.9,700,0.0,REBALANCE,20260309,31.9
002498,BUY,20260309,9.84,2400,0.0,REBALANCE,20260309,9.84
300658,BUY,20260309,28.13,800,0.0,REBALANCE,20260309,28.13
002378,BUY,20260309,44.48,500,0.0,REBALANCE,20260309,44.48
600397,BUY,20260309,20.36,1100,0.0,REBALANCE,20260309,20.36
600875,BUY,20260309,42.11,500,0.0,REBALANCE,20260309,42.11
001896,BUY,20260309,15.0,1600,0.0,REBALANCE,20260309,15.0
002842,BUY,20260309,42.56,500,0.0,REBALANCE,20260309,42.56
603618,BUY,20260309,19.0,1200,0.0,REBALANCE,20260309,19.0
000711,BUY,20260309,4.12,5900,0.0,REBALANCE,20260309,4.12
300617,BUY,20260309,68.02,300,0.0,REBALANCE,20260309,68.02
301373,BUY,20260309,65.77,300,0.0,REBALANCE,20260309,65.77
300164,SELL,20260309,21.14,1000,-11.916666666666664,STOP_LOSS,20260309,24.0
600026,SELL,20260309,22.72,900,-13.016845329249623,STOP_LOSS,20260309,26.12
002498,SELL,20260309,9.96,2400,1.2195121951219614,TRAILING_STOP,20260309,9.84
000711,SELL,20260309,4.02,5900,-2.42718446601943,TRAILING_STOP,20260309,4.12
300617,SELL,20260309,70.85,300,4.160541017347836,TRAILING_STOP,20260309,68.02
001896,SELL,20260310,15.81,1600,5.400000000000003,TRAILING_STOP,20260309,15.0
300658,SELL,20260311,28.47,800,1.208674013508709,TRAILING_STOP,20260309,28.13
002378,SELL,20260311,43.89,500,-1.326438848920855,TRAILING_STOP,20260309,44.48
600397,SELL,20260311,18.42,1100,-9.528487229862465,STOP_LOSS,20260309,20.36
603618,SELL,20260311,20.6,1200,8.421052631578956,TRAILING_STOP,20260309,19.0
301373,SELL,20260311,75.6,300,14.94602402311084,TRAILING_STOP,20260309,65.77
002842,SELL,20260312,37.4,500,-12.124060150375948,STOP_LOSS,20260309,42.56
603629,SELL,20260313,61.7,400,11.19120562263471,TRAILING_STOP,20260309,55.49
600875,SELL,20260313,38.4,500,-8.810258845879842,STOP_LOSS,20260309,42.11
000890,BUY,20260316,11.12,2100,0.0,REBALANCE,20260316,11.12
300164,BUY,20260316,19.05,1200,0.0,REBALANCE,20260316,19.05
300257,BUY,20260316,31.68,700,0.0,REBALANCE,20260316,31.68
300658,BUY,20260316,26.46,900,0.0,REBALANCE,20260316,26.46
002498,BUY,20260316,9.01,2700,0.0,REBALANCE,20260316,9.01
002378,BUY,20260316,35.68,600,0.0,REBALANCE,20260316,35.68
600108,BUY,20260316,6.26,3800,0.0,REBALANCE,20260316,6.26
001896,BUY,20260316,15.0,1600,0.0,REBALANCE,20260316,15.0
001267,BUY,20260316,43.86,500,0.0,REBALANCE,20260316,43.86
600714,BUY,20260316,24.8,900,0.0,REBALANCE,20260316,24.8
600821,BUY,20260316,10.0,2400,0.0,REBALANCE,20260316,10.0
600722,BUY,20260316,16.94,1400,0.0,REBALANCE,20260316,16.94
002015,BUY,20260316,22.24,1000,0.0,REBALANCE,20260316,22.24
688308,BUY,20260316,93.88,200,0.0,REBALANCE,20260316,93.88
300749,SELL,20260316,35.2,700,10.344827586206911,TRAILING_STOP,20260309,31.9
600108,SELL,20260316,6.16,3800,-1.5974440894568633,TRAILING_STOP,20260316,6.26
600714,SELL,20260316,25.3,900,2.0161290322580645,TRAILING_STOP,20260316,24.8
300257,SELL,20260317,31.82,700,0.4419191919191937,TRAILING_STOP,20260316,31.68
002378,SELL,20260317,36.1,600,1.1771300448430542,TRAILING_STOP,20260316,35.68
001267,SELL,20260317,40.32,500,-8.07113543091655,STOP_LOSS,20260316,43.86
600821,SELL,20260317,9.7,2400,-3.000000000000007,TRAILING_STOP,20260316,10.0
002015,SELL,20260317,20.03,1000,-9.937050359712218,STOP_LOSS,20260316,22.24
300164,SELL,20260318,18.81,1200,-1.2598425196850498,TRAILING_STOP,20260316,19.05
002498,SELL,20260318,9.3,2700,3.218645948945626,TRAILING_STOP,20260316,9.01
600722,SELL,20260318,17.37,1400,2.5383707201889,TRAILING_STOP,20260316,16.94
300658,SELL,20260319,25.85,900,-2.3053665910808747,TRAILING_STOP,20260316,26.46
688308,SELL,20260319,85.1,200,-9.352364720920326,STOP_LOSS,20260316,93.88
000890,SELL,20260320,13.13,2100,18.075539568345338,TRAILING_STOP,20260316,11.12
001896,SELL,20260320,15.22,1600,1.466666666666671,MARKET_EXIT,20260316,15.0
000890,BUY,20260330,13.95,1700,0.0,REBALANCE,20260330,13.95
300385,BUY,20260330,15.75,1500,0.0,REBALANCE,20260330,15.75
688295,BUY,20260330,55.96,400,0.0,REBALANCE,20260330,55.96
600683,BUY,20260330,10.24,2300,0.0,REBALANCE,20260330,10.24
603115,BUY,20260330,42.78,500,0.0,REBALANCE,20260330,42.78
600666,BUY,20260330,5.8,4100,0.0,REBALANCE,20260330,5.8
301658,BUY,20260330,52.02,400,0.0,REBALANCE,20260330,52.02
603538,BUY,20260330,43.1,500,0.0,REBALANCE,20260330,43.1
300868,BUY,20260330,54.32,400,0.0,REBALANCE,20260330,54.32
600722,BUY,20260330,18.21,1300,0.0,REBALANCE,20260330,18.21
300720,BUY,20260330,68.01,300,0.0,REBALANCE,20260330,68.01
000711,BUY,20260330,3.91,6100,0.0,REBALANCE,20260330,3.91
600396,BUY,20260330,8.46,2800,0.0,REBALANCE,20260330,8.46
603778,BUY,20260330,23.0,1000,0.0,REBALANCE,20260330,23.0
600726,BUY,20260330,6.37,3700,0.0,REBALANCE,20260330,6.37
600722,SELL,20260330,16.5,1300,-9.390444810543661,STOP_LOSS,20260330,18.21
300385,SELL,20260331,20.62,1500,30.920634920634924,TRAILING_STOP,20260330,15.75
603115,SELL,20260331,43.95,500,2.734922861150074,TRAILING_STOP,20260330,42.78
600666,SELL,20260331,5.7,4100,-1.7241379310344769,TRAILING_STOP,20260330,5.8
301658,SELL,20260331,47.5,400,-8.688965782391394,STOP_LOSS,20260330,52.02
300720,SELL,20260331,61.95,300,-8.910454344949274,STOP_LOSS,20260330,68.01
603778,SELL,20260331,25.0,1000,8.695652173913043,TRAILING_STOP,20260330,23.0
600396,SELL,20260401,7.52,2800,-11.111111111111125,STOP_LOSS,20260330,8.46
600683,SELL,20260402,9.4,2300,-8.203124999999998,STOP_LOSS,20260330,10.24
600726,SELL,20260402,5.32,3700,-16.483516483516482,STOP_LOSS,20260330,6.37
688295,SELL,20260403,50.01,400,-10.63259471050751,STOP_LOSS,20260330,55.96
000890,SELL,20260403,16.01,1700,14.76702508960575,MARKET_EXIT,20260330,13.95
603538,SELL,20260403,40.0,500,-7.192575406032485,MARKET_EXIT,20260330,43.1
300868,SELL,20260403,50.85,400,-6.388070692194401,MARKET_EXIT,20260330,54.32
000711,SELL,20260403,4.13,6100,5.62659846547314,MARKET_EXIT,20260330,3.91
000890,BUY,20260413,13.1,1800,0.0,REBALANCE,20260413,13.1
603687,BUY,20260413,16.15,1400,0.0,REBALANCE,20260413,16.15
002432,BUY,20260413,91.0,200,0.0,REBALANCE,20260413,91.0
002620,BUY,20260413,9.5,2400,0.0,REBALANCE,20260413,9.5
002980,BUY,20260413,53.03,400,0.0,REBALANCE,20260413,53.03
002082,BUY,20260413,29.79,700,0.0,REBALANCE,20260413,29.79
603115,BUY,20260413,40.5,500,0.0,REBALANCE,20260413,40.5
600666,BUY,20260413,6.01,3900,0.0,REBALANCE,20260413,6.01
603843,BUY,20260413,9.18,2500,0.0,REBALANCE,20260413,9.18
603538,BUY,20260413,49.5,400,0.0,REBALANCE,20260413,49.5
688485,BUY,20260413,40.49,500,0.0,REBALANCE,20260413,40.49
002730,BUY,20260413,26.77,800,0.0,REBALANCE,20260413,26.77
603778,BUY,20260413,31.5,700,0.0,REBALANCE,20260413,31.5
600791,BUY,20260413,12.53,1800,0.0,REBALANCE,20260413,12.53
605299,BUY,20260413,19.55,1200,0.0,REBALANCE,20260413,19.55
603687,SELL,20260414,16.4,1400,1.5479876160990713,TRAILING_STOP,20260413,16.15
002432,SELL,20260414,77.8,200,-14.505494505494509,STOP_LOSS,20260413,91.0
688485,SELL,20260414,42.81,500,5.729809829587553,TRAILING_STOP,20260413,40.49
603778,SELL,20260414,29.79,700,-5.4285714285714315,TRAILING_STOP,20260413,31.5
605299,SELL,20260414,17.92,1200,-8.337595907928383,STOP_LOSS,20260413,19.55
600666,SELL,20260415,6.23,3900,3.6605657237936877,TRAILING_STOP,20260413,6.01
603843,SELL,20260415,8.04,2500,-12.418300653594779,STOP_LOSS,20260413,9.18
002980,SELL,20260416,66.47,400,25.3441448236847,TRAILING_STOP,20260413,53.03
603538,SELL,20260417,52.5,400,6.0606060606060606,TRAILING_STOP,20260413,49.5
000890,SELL,20260417,12.41,1800,-5.26717557251908,REBALANCE,20260413,13.1
002620,SELL,20260417,8.9,2400,-6.315789473684206,REBALANCE,20260413,9.5
002082,SELL,20260417,29.28,700,-1.711983887210467,REBALANCE,20260413,29.79
002730,SELL,20260417,27.1,800,1.232723197609271,REBALANCE,20260413,26.77
600791,SELL,20260417,12.45,1800,-0.6384676775738235,REBALANCE,20260413,12.53
002980,BUY,20260420,75.18,300,0.0,REBALANCE,20260420,75.18
003018,BUY,20260420,39.3,600,0.0,REBALANCE,20260420,39.3
301189,BUY,20260420,82.0,200,0.0,REBALANCE,20260420,82.0
603897,BUY,20260420,51.7,400,0.0,REBALANCE,20260420,51.7
002957,BUY,20260420,49.47,400,0.0,REBALANCE,20260420,49.47
002580,BUY,20260420,33.58,700,0.0,REBALANCE,20260420,33.58
603538,BUY,20260420,53.34,400,0.0,REBALANCE,20260420,53.34
688677,BUY,20260420,82.85,200,0.0,REBALANCE,20260420,82.85
000967,BUY,20260420,14.19,1600,0.0,REBALANCE,20260420,14.19
002491,BUY,20260420,16.3,1400,0.0,REBALANCE,20260420,16.3
688485,BUY,20260420,44.36,500,0.0,REBALANCE,20260420,44.36
002528,BUY,20260420,5.62,4100,0.0,REBALANCE,20260420,5.62
300834,BUY,20260420,41.9,500,0.0,REBALANCE,20260420,41.9
002328,BUY,20260420,13.01,1800,0.0,REBALANCE,20260420,13.01
603115,SELL,20260420,44.26,500,9.283950617283946,TRAILING_STOP,20260413,40.5
002580,SELL,20260421,29.7,700,-11.554496724240618,STOP_LOSS,20260420,33.58
300834,SELL,20260421,38.4,500,-8.353221957040573,STOP_LOSS,20260420,41.9
002328,SELL,20260421,11.9,1800,-8.53189853958493,STOP_LOSS,20260420,13.01
002528,SELL,20260422,5.05,4100,-10.142348754448403,STOP_LOSS,20260420,5.62
002980,SELL,20260423,75.9,300,0.9577015163607326,TRAILING_STOP,20260420,75.18
301189,SELL,20260423,80.88,200,-1.365853658536591,TRAILING_STOP,20260420,82.0
688677,SELL,20260423,100.52,200,21.327700663850337,TRAILING_STOP,20260420,82.85
002491,SELL,20260423,16.83,1400,3.251533742331273,TRAILING_STOP,20260420,16.3
688485,SELL,20260423,44.75,500,0.8791704238052314,TRAILING_STOP,20260420,44.36
000967,SELL,20260424,12.95,1600,-8.738548273431997,STOP_LOSS,20260420,14.19
003018,SELL,20260424,57.28,600,45.750636132315535,MARKET_EXIT,20260420,39.3
603897,SELL,20260424,49.8,400,-3.6750483558994302,MARKET_EXIT,20260420,51.7
002957,SELL,20260424,46.45,400,-6.104709925207189,MARKET_EXIT,20260420,49.47
603538,SELL,20260424,57.58,400,7.949006374203214,MARKET_EXIT,20260420,53.34
002297,BUY,20260511,26.46,800,0.0,REBALANCE,20260511,26.46
600683,BUY,20260511,18.95,1200,0.0,REBALANCE,20260511,18.95
000609,BUY,20260511,16.48,1400,0.0,REBALANCE,20260511,16.48
603738,BUY,20260511,50.67,400,0.0,REBALANCE,20260511,50.67
301511,BUY,20260511,94.14,200,0.0,REBALANCE,20260511,94.14
002580,BUY,20260511,33.01,700,0.0,REBALANCE,20260511,33.01
688655,BUY,20260511,52.9,400,0.0,REBALANCE,20260511,52.9
002990,BUY,20260511,62.75,300,0.0,REBALANCE,20260511,62.75
300283,BUY,20260511,17.51,1300,0.0,REBALANCE,20260511,17.51
688485,BUY,20260511,65.27,300,0.0,REBALANCE,20260511,65.27
603399,BUY,20260511,23.0,1000,0.0,REBALANCE,20260511,23.0
301217,BUY,20260511,87.6,200,0.0,REBALANCE,20260511,87.6
002655,BUY,20260511,41.0,500,0.0,REBALANCE,20260511,41.0
300209,BUY,20260511,22.99,1000,0.0,REBALANCE,20260511,22.99
301189,BUY,20260511,96.58,200,0.0,REBALANCE,20260511,96.58
002580,SELL,20260511,34.27,700,3.8170251438958047,TRAILING_STOP,20260511,33.01
300283,SELL,20260511,15.88,1300,-9.308966304968592,STOP_LOSS,20260511,17.51
002655,SELL,20260511,36.37,500,-11.292682926829274,STOP_LOSS,20260511,41.0
002297,SELL,20260512,24.1,800,-8.919123204837488,STOP_LOSS,20260511,26.46
000609,SELL,20260512,14.73,1400,-10.61893203883495,STOP_LOSS,20260511,16.48
603399,SELL,20260512,24.08,1000,4.695652173913036,TRAILING_STOP,20260511,23.0
301189,SELL,20260512,84.51,200,-12.497411472354518,STOP_LOSS,20260511,96.58
600683,SELL,20260513,19.26,1200,1.6358839050132048,TRAILING_STOP,20260511,18.95
688655,SELL,20260513,60.52,400,14.40453686200379,TRAILING_STOP,20260511,52.9
688485,SELL,20260513,59.3,300,-9.146621725141719,STOP_LOSS,20260511,65.27
603738,SELL,20260514,52.98,400,4.558910597986965,TRAILING_STOP,20260511,50.67
301511,SELL,20260514,93.88,200,-0.2761844062035321,TRAILING_STOP,20260511,94.14
301217,SELL,20260514,85.88,200,-1.963470319634702,TRAILING_STOP,20260511,87.6
300209,SELL,20260515,26.0,1000,13.092648977816449,TRAILING_STOP,20260511,22.99
002990,SELL,20260515,69.49,300,10.741035856573697,MARKET_EXIT,20260511,62.75
